,count,word
0,9,#향리단스콘
1,10,#향남맛집
2,46,#스콘
3,26,#스콘맛집
4,9,#화성카페
5,10,#향남카페
6,10,#수원카페
7,10,#동탄카페
8,9,#봉담카페
9,9,#스콘카페
10,28,#밀크티
11,16,#레몬케이크
12,21,#파운드케이크
13,26,#온더테이블
14,107,#카페투어
15,27,#신상카페
16,17,#휘낭시에
17,871,#치즈케이크
18,34,#브라우니
19,46,#딸기
20,12,#요거트
21,7,#그릭요거트
22,1,#대기20분
23,1,#줄줄이소세지
24,4,#하와이
25,1,#하와이신혼여행
26,1,#하와이맛집
27,8,#치즈케이크팩토리
28,1,#오늘도맥주
29,1,#피곤터짐
30,1,#takeout
31,2,#코흘리게
32,1,#못생긴
33,1,#나의중학생시절
34,1,#기억하는사람
35,1,#16년지기
36,1,#고니
37,1,#선우
38,1,#너도나도
39,2,#헤헤
40,1,#내년도역시잘부탁한다
41,1,#인사이드커피
42,2,#여기
43,1,#맛깡패
44,28,#커피맛집
45,2,#아이스크림맛집
46,1,#케이크까지맛집
47,1,#다맛있으면어째
48,1,#반칙일세
49,1,#창원대
50,84,#카페스타그램
51,2,#우유아이스크림
52,11,#창원카페
53,27,#카페추천
54,4,#마산
55,4,#창원
56,3,#마산카페
57,42,#소통
58,4,#기록
59,4,#일상기록
60,2,#월요일
61,4,#모닝커피
62,2,#커피빈
63,1,#셋이아닌둘이서
64,11,#커피스타그램
65,23,#일상스타그램
66,1,#가람커피로스터스
67,6,#케잌
68,3,#치즈케익팩토리
69,1,#치팩케잌
70,2,#본마을
71,1,#가람커피로스터스로
72,1,#청계산카페
73,7,#로스터리카페
74,1,#여의천
75,1,#자전거길카페
76,1,#여의천카페
77,1,#여의천자전거길
78,1,#내곡동
79,1,#내곡동카페
80,1,#내곡동맛집
81,1,#신원동
82,1,#신원동카페
83,1,#본마을카페
84,18,#스페셜티커피
85,1,#스페셜티카페
86,1,#싱글오리진
87,1,#싱글오리진커피
88,3,#필터커피
89,1,#가람커피
90,1,#가람로스터스
91,1,#가람커피로스터즈
92,4,#덴켄
93,8,#공릉동카페
94,6,#공릉
95,5,#공릉동
96,8,#공릉카페
97,8,#공트럴파크
98,5,#공트럴파크카페
99,5,#공리단길
100,5,#공리단길카페
101,18,#쿠키
102,6,#수제쿠키
103,4,#초코녹차케이크
104,4,#라떼아트
105,5,#노원카페
106,5,#초코브라우니
107,5,#노원
108,6,#노원구
109,4,#신상카페추천
110,172,#카페
111,77,#커피
112,5,#덴켄카페
113,5,#카페덴켄
114,3,#cafedenken
115,3,#덴켄커피
116,24,#딸기라떼
117,2,#trevary
118,4,#c27cheesecakeandcoffee
119,11,#c27
120,1,#씨이십칠본점
121,4,#신사동
122,2,#신사동카페
123,3,#카페타임
124,16,#커피숍
125,1,#taichung
126,77,#coffee
127,49,#dessert
128,1,#bluemonday
129,2,#mild
130,11,#홍대카페
131,14,#서울
132,2,#홍대입구
133,15,#서울카페
134,3,#카푸치노
135,33,#메리크리스마스
136,28,#크리스마스이브
137,1,#아티제
138,1,#성심당
139,1,#빵선물
140,16,#merrychristmas
141,1,#크리스마스장식
142,4,#크리스마스케익
143,3,#크리스마스트리
144,43,#크리스마스케이크
145,1,#크리스마스트리장식
146,1,#광교아브뉴프랑아티제
147,1,#광교아브뉴프랑맛집
148,2,#집스타그램
149,2,#케익주문
150,15,#빵스타그램
151,3,#유달리
152,3,#안산유달리
153,3,#유달리안산점
154,3,#카페유달리
155,4,#안산맛집
156,3,#고잔동맛집
157,10,#와플맛집
158,3,#안산와플
159,15,#와플
160,3,#안산카페
161,3,#고잔동카페
162,4,#안산
163,3,#고잔동
164,4,#톰과제리케이크
165,6,#제리케이크
166,29,#제리치즈케이크
167,3,#하프파운드
168,6,#헬로멜로옐로
169,6,#작은케익카페
170,6,#부산대
171,6,#부산대카페
172,80,#디저트카페
173,44,#부산카페
174,6,#부산디저트카페
175,6,#부산대디저트
176,7,#초코쿠키
177,6,#부산쿠키세트
178,6,#부산수제쿠키
179,6,#부산케이크맛집
180,7,#부산예쁜카페
181,6,#hellomellowyellow
182,6,#부산주문케이크
183,24,#다쿠아즈
184,6,#프레첼머랭
185,6,#몽블랑
186,8,#딸기생크림
187,1,#와인무화과마카롱
188,76,#마카롱
189,28,#세종시마카롱
190,28,#새롬동카페
191,39,#마카롱맛집
192,37,#예쁜카페
193,14,#두헤브마카롱
194,14,#좌식테이블카페
195,14,#커피맛좋은카페
196,24,#수제디저트
197,14,#수제마카롱
198,15,#머랭쿠키
199,14,#세종시머랭쿠키
200,14,#새롬동마카롱
201,14,#슈
202,14,#에끌레어
203,15,#그래놀라
204,14,#영양간식
205,30,#마들렌
206,40,#티라미수
207,1,#결혼
208,2,#결혼기념일
209,1,#1주년
210,2,#결혼한지
211,1,#365일
212,1,#뜻밖에선물
213,83,#케이크
214,1,#초코이름
215,1,#사랑한지
216,1,#1178
217,1,#365
218,1,#결혼한지1년
219,1,#축하해주셔서감사합니다
220,3,#감동
221,1,#감동감동
222,1,#소라스타그램
223,2,#부부스타그램
224,15,#럽스타그램
225,1,#부부
226,1,#주부
227,1,#새댁
228,2,#꽃다발
229,1,#장미꽃
230,2,#압구정
231,1,#차이티
232,46,#맞팔
233,31,#팔로우
234,6,#데일리룩
235,24,#좋아요반사
236,1,#죽전까페
237,2,#오브레드
238,1,#죽전디저트
239,1,#죽전디저트까페
240,13,#스윗레시피
241,3,#설빙
242,2,#구리설빙
243,2,#갈매설빙
244,12,#사진
245,3,#촬영
246,2,#편집
247,4,#사진스타그램
248,1,#한딸기치즈케이크설빙
249,1,#딸기설빙
250,2,#듬뿍
251,1,#겨울엔
252,2,#역시
253,49,#맛집
254,1,#딸기는
255,2,#항상
256,2,#옳다
257,1,#설빙에서
258,1,#딸기먹지
259,1,#어디서
260,1,#먹나
261,8,#샤츠인젤
262,8,#모모커피
263,14,#건대카페
264,8,#보물섬
265,8,#골목카페
266,8,#북카페
267,8,#테이크아웃
268,16,#핸드드립
269,18,#수제청
270,8,#레몬청
271,10,#사과차
272,8,#카페샤츠인젤
273,11,#레몬에이드
274,8,#쇼콜라라떼
275,8,#귀리라떼
276,8,#무료대관
277,10,#카페대관
278,8,#허니라떼
279,8,#컵홀더이벤트
280,9,#생일이벤트
281,22,#카야토스트
282,8,#크리스마스티
283,1,#요커트스무디
284,3,#초코라떼
285,1,#당보충
286,1,#몽크
287,1,#supershakes
288,1,#알카자쇼
289,1,#귀걸이
290,1,#파타야
291,1,#씨푸드
292,2,#맥주
293,75,#먹스타그램
294,2,#여행에미치다
295,10,#여행스타그램
296,3,#머랭꽃다발
297,15,#뉴욕치즈케이크
298,1,#꾸덕치즈케이크
299,1,#미오베이커리
300,8,#감사합니다
301,1,#notokyo
302,1,#no
303,1,#맨날비오네
304,4,#제주카페
305,1,#제주부부
306,1,#안덕카페
307,2,#유루유루
308,1,#숙성케이크
309,1,#72시간숙성
310,1,#항아리치즈케이크
311,94,#cafe
312,84,#cheesecake
313,20,#카페라떼
314,4,#cafelatte
315,4,#얼그레이
316,1,#blacktea
317,1,#191215
318,1,#대학로카페
319,1,#혜화카페
320,2,#학림다방
321,2,#비엔나커피
322,1,#파브
323,39,#cake
324,1,#pumpkin
325,1,#gateau
326,1,#pavcoffee
327,2,#latte
328,8,#foodporn
329,1,#foodpic
330,6,#yummy
331,1,#meiko디저트
332,120,#디저트
333,1,#단호박
334,11,#라떼
335,12,#맛있다
336,8,#춘천
337,8,#춘천카페
338,8,#춘고앞카페
339,4,#애쉬커피바
340,105,#크리스마스
341,5,#강원도
342,21,#여행
343,4,#춘천여행
344,4,#춘천명동카페
345,4,#춘천역카페
346,4,#춘천카페추천
347,4,#중앙로
348,6,#파운드
349,4,#chuncheon
350,4,#ashcoffeebar
351,2,#구름별
352,6,#2020
353,1,#아크릴엠보
354,2,#춘천네일
355,1,#네일유메이징
356,1,#춘천네일유메이징
357,1,#넬스타그램
358,1,#춘천네일샵
359,2,#석사동네일
360,1,#퇴계동네일샵
361,1,#연말네일
362,6,#톰과제리
363,1,#네일이벤트
364,1,#쥐의해
365,1,#새해네일
366,18,#연말
367,1,#핸드페인팅
368,1,#네일디자인
369,1,#글리터
370,1,#이달의아트
371,1,#nailart
372,1,#tomandjerry
373,1,#disney
374,1,#glitternails
375,1,#endofyear
376,1,#nailstagram
377,1,#로사와함께
378,1,#여의도맛집
379,1,#여의도데이트
380,1,#여의도모임
381,1,#여의도브런치
382,1,#ddr
383,1,#dancedancerevolution
384,1,#스칼렛요한슨알리오올리오
385,1,#에그스크램블
386,1,#치킨시저샐러드
387,1,#호박수프
388,1,#양송이수프
389,1,#얼그레이케이크
390,1,#쇼뱅
391,1,#시그니처기린포즈
392,1,#DDR공식포즈롸잇
393,6,#건대
394,1,#마라탕
395,1,#꿔바로우
396,1,#크림새우
397,4,#아르무아
398,1,#먹는거뿐
399,1,#재밌는하루였다
400,1,#담엔
401,1,#마라샹궈
402,2,#아베키
403,4,#후쿠오카
404,7,#C27
405,1,#민트치즈케이크
406,2,#따아
407,1,#mintcheese
408,1,#mintcheeseecake
409,1,#전남
410,2,#전라도
411,1,#광양
412,3,#여수
413,1,#하동
414,1,#구례
415,1,#화개
416,1,#지리산
417,1,#섬진강
418,1,#화개장터
419,1,#여유
420,9,#힐링
421,2,#휴가
422,1,#광양민박
423,1,#물향기쉼터
424,16,#대구
425,3,#삼덕동
426,3,#삼덕동카페
427,3,#대구핫플
428,3,#daegu
429,3,#대구데이트코스
430,3,#applepie
431,3,#프라우송
432,3,#frausong
433,3,#대구데이트
434,6,#대구디저트카페
435,3,#삼덕카페
436,3,#월성동
437,3,#월성동카페
438,3,#상인동
439,3,#상인동카페
440,3,#베를리너치즈케이크
441,20,#카페그램
442,16,#감성카페
443,16,#분위기좋은카페
444,6,#카페사진
445,11,#감성사진
446,9,#햇살맛집
447,46,#디저트맛집
448,6,#딸기한상
449,51,#딸기케이크
450,15,#딸기디저트
451,15,#플랫화이트
452,13,#서면카페
453,8,#전포동카페
454,6,#전리단길카페
455,12,#전포카페
456,8,#전포카페거리
457,6,#전포동카페거리
458,7,#향미공간
459,4,#서울맛집
460,5,#서울여행
461,1,#이대맛집
462,3,#milktea
463,2,#studiowup
464,1,#오브너
465,1,#오브너케이크
466,3,#동성로카페
467,1,#ovener
468,1,#케이크추천
469,4,#대구디저트
470,4,#대구케이크
471,15,#치즈케이크맛집
472,5,#치케
473,11,#대구카페
474,2,#대구카페추천
475,2,#데이트카페
476,11,#케이크주문
477,1,#대구동성로
478,1,#디저트장인
479,1,#플레이팅장인
480,3,#꾸덕꾸덕
481,5,#달다구리
482,11,#어글리시스터즈의카페
483,1,#카페여러날
484,1,#향남
485,1,#향남2지구
486,18,#유마카롱
487,18,#신동
488,18,#수원마카롱
489,18,#신동마카롱
490,18,#영통마카롱
491,18,#망포마카롱
492,18,#매탄동마카롱
493,18,#동탄마카롱
494,18,#수원맛집
495,18,#인계동맛집
496,18,#광교맛집
497,18,#마카롱택배
498,137,#일상
499,18,#한입마카롱
500,18,#미니마카롱
501,29,#선물
502,18,#영통맛집
503,18,#youmacaron
504,29,#macarons
505,18,#톰쇼콜라케이크
506,18,#신동카페거리
507,5,#유나유리베이커리
508,21,#생크림케이크
509,4,#초코생크림케이크
510,6,#슈톨렌
511,5,#부산빵집
512,16,#빵
513,6,#온천천
514,24,#부산
515,5,#식빵맛집
516,5,#탕종식빵
517,6,#시오빵
518,6,#메론빵
519,7,#bread
520,4,#breadlover
521,4,#cristmas
522,4,#cristmascake
523,2,#콜드브루라떼
524,1,#일루미네이션
525,1,#오사카여행
526,1,#caf
527,16,#christmas
528,1,#Illumination
529,1,#creampuff
530,1,#traveljapan
531,1,#dolce
532,1,#sweet
533,1,#overthinking
534,1,#유산슬
535,16,#베이킹
536,1,#옥정호카페
537,1,#자몽티
538,2,#청귤티
539,31,#초코케이크
540,1,#영화카페
541,6,#분위기
542,1,#벤시몽레스토랑
543,6,#오랜만에
544,8,#가로수길
545,2,#수다타임
546,1,#수다수다
547,1,#가로수길맛집
548,4,#가로수길카페
549,1,#cheesecakecafe
550,1,#치즈케익카페
551,1,#투샷
552,3,#연남동
553,6,#연남동맛집
554,11,#연남동카페
555,1,#아이엠어텀
556,7,#케익
557,6,#홍대맛집
558,54,#daily
559,5,#커피바움
560,5,#전주커피바움
561,5,#coffeebaum
562,12,#첫줄
563,13,#전주여행
564,63,#좋아요
565,29,#좋반
566,5,#전주혁신도시맛집
567,5,#혁신도시
568,6,#라떼맛집
569,5,#전주혁신도시카페
570,13,#전주카페
571,5,#전주혁신도시
572,5,#전주혁신
573,48,#아메리카노
574,3,#수제과일청
575,5,#수제디져트
576,5,#소잘라떼
577,5,#락토프리
578,1,#서가앤쿡
579,1,#목살한상
580,1,#해물토마토파스타
581,1,#가운헌
582,1,#이뻐
583,3,#구월동
584,1,#옥련동
585,1,#로데오거리
586,1,#여주
587,1,#오학
588,1,#오학카페
589,2,#여주카페
590,1,#여주다방
591,25,#수제케이크
592,2,#수제케이크주문
593,1,#루돌프쿠키
594,1,#해피크리스마스퍼레이드
595,2,#친구랑
596,4,#카페데이트
597,1,#꽃집
598,1,#삼성동
599,1,#삼성동카페
600,3,#고구마라떼
601,1,#아이스크림와플
602,1,#눈오는날
603,1,#개짱나
604,10,#주말데이트
605,33,#먹방
606,1,#다이어트식단
607,6,#행복
608,7,#디오더
609,6,#구월동카페
610,3,#구월동핫플
611,4,#구월동맛집
612,3,#딸기차
613,9,#인천카페
614,1,#스윗로즈
615,1,#스윗로즈베이킹클래스
616,1,#스윗로즈베이킹스튜디오
617,2,#bakingclass
618,1,#홈베이킹클래스
619,1,#동탄베이킹클래스
620,1,#수원베이킹클래스
621,1,#화성베이킹클래스
622,1,#오산베이킹클래스
623,6,#baking
624,1,#sweetrose
625,2,#chocolatecake
626,2,#christmascake
627,2,#동탄케이크
628,1,#동탄주문케이크
629,1,#초코밀키멜로
630,2,#수플레치즈케이크
631,1,#COACH
632,6,#울산
633,19,#울산카페
634,1,#울산카페추천
635,2,#옥동카페
636,3,#공허의숲
637,1,#디저트판매
638,2,#원두판매
639,4,#드립커피
640,25,#당근케이크
641,1,#디저트포장
642,2,#고모역카페
643,3,#룰리커피
644,1,#8dcafe
645,2,#도산공원카페
646,1,#8d
647,5,#카페오십이도
648,5,#카페52도
649,5,#오십이도
650,2,#stollen
651,2,#cristollen
652,9,#답례품
653,8,#홍대
654,1,#토마식당
655,1,#피오니
656,2,#딸기빙수
657,1,#초코치즈케이크
658,1,#게임방
659,2,#인생네컷
660,1,#제임스시카고피자
661,2,#시카고피자
662,1,#리코타치즈샐러드
663,1,#천안
664,2,#맛있엉
665,15,#디저트그램
666,1,#분위기보소
667,2,#밀크티맛집
668,1,#갬성적이야
669,1,#아일
670,1,#아일커피
671,1,#흥하세요
672,1,#여유로운
673,22,#주말
674,1,#드라이브하기좋은날
675,1,#연말연시
676,1,#꽃향기
677,1,#백합
678,2,#가토쇼콜라
679,1,#진저라떼
680,2,#힐링카페
681,4,#안동여행
682,4,#안동가볼만한곳
683,1,#봉정사
684,2,#봉정사카페
685,2,#그녀의홈카페
686,8,#tokyocafe
687,6,#aworks
688,5,#토쿄카페
689,11,#일본카페
690,5,#chefoodo
691,5,#xmas
692,4,#디저트정
693,26,#바스크치즈케이크
694,1,#카페도노
695,1,#도노카페
696,1,#능곡
697,1,#숨은카페
698,1,#능곡카페추천
699,1,#토당동카페
700,1,#토당동카페추천
701,9,#일산카페
702,8,#카페맛집
703,1,#제주신화월드
704,1,#제주신화월드메리어트리조트관
705,1,#제주스타벅스
706,1,#제주스타벅스한정메뉴
707,1,#까망크림프라푸치노
708,15,#스타벅스
709,4,#맛있다그램
710,1,#호텔라운지바
711,1,#조니워커블랙라벨
712,21,#치즈
713,1,#에멘탈치즈
714,1,#시바스리가
715,1,#제주칵테일
716,1,#양주가더좋은데
717,1,#돈많이벌자
718,2,#대구맛집
719,1,#대구레스토랑
720,1,#범어동맛집
721,1,#아트리움
722,1,#레스토랑
723,5,#스테이크
724,1,#에스까르고
725,1,#동네맛집
726,1,#동네커피숍
727,1,#커피방
728,49,#맛스타그램
729,12,#foodie
730,18,#존맛탱
731,8,#맛집추천
732,6,#맛집스타그램
733,27,#jmt
734,1,#lunch
735,1,#무화과타르트
736,1,#키슈
737,1,#카이커피
738,12,#바닐라라떼
739,13,#톰과제리치즈케이크
740,1,#다대포
741,1,#다대포항
742,1,#다대씨파크
743,1,#다대회센터
744,1,#다대포카페
745,1,#다대포카이커피
746,1,#주말오후
747,1,#뒹굴다가
748,1,#급카페
749,1,#귀요미들
750,1,#남매맘
751,75,#데일리
752,8,#제주
753,1,#용꽈배기
754,1,#파꽈배기
755,2,#핫도그
756,1,#고로케
757,2,#하멜치즈몽
758,1,#제주먹방
759,1,#제주맛집
760,3,#제주여행
761,1,#후루꾸씨먹방
762,1,#가족과함께
763,1,#병실에서
764,1,#맛나게
765,1,#맛난고기
766,1,#필수코스
767,1,#울엄마
768,1,#3월에
769,1,#꽃구경
770,1,#걸어서
771,1,#가자구요
772,2,#엄마
773,1,#사랑해
774,1,#힘내기
775,1,#주님께감사
776,1,#주사랑
777,6,#말차라떼
778,3,#생딸기우유
779,10,#딸기치즈케이크
780,2,#크루아상
781,4,#딸기크루아상
782,2,#클래식스콘
783,6,#앙버터스콘
784,2,#무화과스콘
785,2,#카야치즈스콘
786,2,#허니버터스콘
787,8,#향리단커피
788,3,#파리바게뜨
789,10,#빵순이
790,1,#가만안둬
791,1,#안기안
792,7,#쎄지엠라떼
793,7,#쎄지엠프라페
794,7,#시그니처
795,5,#쇼콜라플라워컵케잌
796,5,#컵케잌
797,7,#플레르카페쎄지엠
798,7,#린보공방
799,7,#카페쎄지엠
800,7,#해운대달맞이
801,9,#해운대달맞이카페
802,8,#브런치카페
803,7,#해운대브런치카페
804,8,#brunch
805,7,#fleurcafeseizieme
806,8,#brunchcafe
807,7,#flowercafe
808,9,#목포카페
809,1,#닻
810,20,#에그타르트
811,1,#191221
812,9,#쿠오레에스프레소
813,1,#산타시바
814,1,#수제케이크맛집
815,2,#딸기케이크맛집
816,7,#오오티디
817,2,#연말룩
818,12,#연말파티
819,1,#연말파티음식
820,1,#연말파티대관
821,1,#커피그램
822,1,#루프테라스
823,13,#ootd
824,1,#cakedecoration
825,1,#cakestagram
826,1,#디져트그램
827,2,#오늘도먹방
828,3,#먹방스타그램
829,1,#먹방bj
830,4,#도쿄카페
831,3,#도쿄맛집
832,1,#니시오기쿠보
833,1,#yumstagram
834,10,#cafestagram
835,3,#instacafe
836,1,#dayoff
837,1,#mydaily
838,4,#화정카페
839,4,#카페나랑
840,4,#화정
841,6,#일산
842,4,#행신
843,10,#동네카페
844,4,#명지병원
845,4,#덕양구청
846,27,#데이트
847,7,#갬성
848,4,#스타필드고양
849,4,#이케아고양점
850,1,#딥초코우유
851,2,#스폰타니티
852,26,#선팔
853,7,#인친
854,16,#f4f
855,3,#소통해요
856,2,#좋은사람
857,1,#좋은데이
858,2,#안락동
859,1,#대박
860,4,#광안리
861,1,#세번째서랍
862,1,#최고다
863,1,#케이크순수
864,1,#치즈수플레
865,1,#진한치즈
866,1,#용인케이크맛집
867,1,#크리스마스초코케이크
868,1,#동백역맛집
869,1,#신동백케이크맛집
870,4,#오늘
871,1,#라쁘띠메종
872,1,#용산케이크
873,1,#삼각지케이크
874,2,#lapetitemaison
875,1,#신용산케이크
876,10,#전주
877,2,#호주
878,5,#한국
879,1,#언니
880,2,#동영커피
881,1,#인기
882,1,#피드채우기
883,1,#20살
884,1,#00년생
885,1,#초록니트
886,1,#하루일기
887,1,#오늘도스칼렛
888,2,#사랑
889,1,#미연
890,3,#압구정맛집
891,1,#끼리치즈케이크
892,1,#맛집투어당
893,3,#빅토리아케이크
894,1,#죽동
895,2,#죽동맛집
896,2,#충남대
897,1,#충남대맛집
898,4,#샐러드
899,1,#살치살
900,1,#마르게리타
901,1,#해산물파스타
902,1,#타볼라타
903,14,#대전맛집
904,2,#대전
905,1,#대전레스토랑
906,1,#충남대학교
907,1,#죽동레스토랑
908,1,#궁동
909,1,#분위기좋은레스토랑
910,3,#파스타맛집
911,1,#둔산동
912,1,#봉명동
913,4,#2019년
914,1,#마지막주말
915,1,#삼청동
916,2,#북촌
917,1,#재즈바
918,1,#라끌레
919,1,#여친소원들어주기
920,1,#분위기굿
921,1,#칵테일에
922,1,#남도분식
923,1,#남도분식북촌점
924,1,#짜장떡볶이
925,1,#김밥쌈
926,2,#맛있당
927,1,#아티장크로와상
928,1,#빵까지야무지게흡입
929,1,#행복한연말
930,3,#아이파베스
931,1,#텀블러
932,1,#카페텀블러
933,1,#cafetumbler
934,1,#봉봉그램
935,1,#카페베아또
936,1,#경주카페
937,1,#노동동카페
938,1,#경주시내카페
939,2,#두번째골목
940,5,#진주카페
941,3,#진주맛집
942,2,#하대동카페추천
943,2,#하대동카페
944,2,#진주커피숍
945,3,#진주
946,2,#진주좌식카페
947,3,#좌식카페
948,2,#진주룸카페
949,2,#카페오픈
950,12,#카페탐방
951,2,#진주데이트
952,2,#진주혁신도시
953,3,#진주혁신도시카페
954,2,#단호박치즈타르트
955,8,#목포다쿠아즈
956,8,#스페셜카페
957,8,#북항카페
958,8,#남악카페
959,8,#spatialcafe
960,8,#목포스페셜티커피
961,8,#콜드슈페너
962,8,#북항카페추천
963,8,#목포북항카페
964,8,#산정동카페
965,8,#블루베리치즈케에크
966,8,#목포해상케이블카
967,8,#파블로바
968,8,#목포파블로바
969,8,#mokpo
970,8,#pavlova
971,8,#dacquoise
972,4,#애슐리치즈축제
973,4,#cheddarcheese
974,4,#치즈홀릭
975,4,#애슐리w
976,4,#만화속
977,4,#입안에감동
978,8,#치즈먹방
979,7,#피자
980,5,#치즈볼
981,4,#DIY
982,4,#메뉴스타그램
983,5,#퐁듀
984,4,#체다치즈
985,4,#닭강정
986,5,#잠실맛집
987,4,#애슐리디너
988,5,#애슐리
989,4,#육스타그램
990,4,#애스타그램
991,6,#육아소통
992,4,#6세딸
993,4,#육아맘일상
994,1,#라스페스베이킹스튜디오
995,1,#laspes
996,1,#라스페스
997,1,#치즈케이크클래스
998,2,#치즈케이크만들기
999,7,#베이킹클래스
1000,2,#케이크클래스
1001,8,#주문케이크
1002,1,#주문케익
1003,1,#케익맞춤제작
1004,1,#제작케익
1005,1,#제작케이크
1006,11,#생일케이크
1007,1,#생일케익
1008,1,#예쁜케이크
1009,1,#예쁜케익
1010,1,#Seoulcake
1011,1,#birthdaycake
1012,1,#가로수길케이크
1013,1,#이퀄센세이션
1014,1,#미사카페
1015,2,#제과기능사
1016,9,#베이커리
1017,6,#food
1018,5,#bakery
1019,3,#살롱드오하
1020,3,#부티크오하
1021,3,#빈티지상점
1022,3,#빈티지카페
1023,4,#속초카페
1024,5,#속초여행
1025,4,#인스타카페
1026,3,#속초브런치
1027,3,#속초와플
1028,3,#속초카페투어
1029,3,#속초밀크티
1030,3,#빈티지소품
1031,3,#속초빈티지상점
1032,3,#속초디저트
1033,3,#속초치즈케이크
1034,3,#양양카페
1035,3,#양양여행
1036,3,#고성카페
1037,3,#고성여행
1038,4,#강릉카페
1039,3,#양양와플
1040,3,#강릉와플
1041,3,#고성와플
1042,3,#오하와플
1043,3,#방탄소년단
1044,2,#ARMY
1045,2,#구미
1046,2,#김태형
1047,2,#HAPPYVDAY
1048,2,#WinterBear
1049,1,#하펜시티
1050,18,#포하프
1051,18,#fourhalf
1052,11,#포하프카페
1053,11,#포하프공방
1054,11,#가죽공방카페
1055,11,#부산가죽공방카페
1056,18,#해운대카페
1057,14,#수영카페
1058,12,#센텀카페
1059,14,#영화의전당
1060,11,#apec나루공원
1061,11,#부산데이트코스
1062,15,#티타임
1063,11,#인테리어
1064,12,#공간
1065,13,#부산카페투어
1066,17,#onthetable
1067,17,#cafetour
1068,1,#루돌치케
1069,1,#04년생
1070,1,#04
1071,1,#03년생
1072,2,#03
1073,1,#16
1074,1,#망고
1075,1,#꿀케이크
1076,1,#카페살구
1077,1,#거울샷
1078,9,#카페인나뫼
1079,5,#카페나뫼
1080,5,#나뫼
1081,5,#남외동카페
1082,5,#병영카페
1083,5,#명촌카페
1084,5,#진장동카페
1085,5,#소프트아이스크림
1086,5,#시오코나스콘
1087,4,#중구카페
1088,4,#남외초등학교
1089,4,#남외중학교
1090,4,#맘스병원
1091,4,#동천동강병원
1092,4,#동천체육관
1093,4,#정지말공원
1094,5,#비스코티
1095,3,#딸기시리즈
1096,2,#청주시내카페
1097,3,#청주카페
1098,2,#청주데이트
1099,1,#청주데이트카페
1100,3,#청주
1101,1,#청주디저트
1102,2,#라토커피
1103,1,#성안길
1104,1,#성안길카페
1105,1,#무심천카페
1106,1,#라토카페
1107,1,#라토커피청주점
1108,1,#라토치즈케이크
1109,3,#카라멜치즈케이크
1110,2,#ratocoffee
1111,1,#rato
1112,1,#중식
1113,1,#수수밥
1114,1,#참치김치찌개
1115,1,#고메치즈함박스테이크
1116,1,#양념감자
1117,1,#고구마범벅
1118,1,#깍두기
1119,1,#학교급식
1120,1,#남고식단
1121,2,#급식스타그램
1122,1,#영양사
1123,1,#식단일기
1124,1,#슬디식단
1125,1,#shilla
1126,1,#shillahotel
1127,9,#korea
1128,5,#seoul
1129,1,#silverlining
1130,2,#신라호텔
1131,1,#신라
1132,1,#실버라이닝
1133,1,#어느덧
1134,1,#벌써
1135,1,#아직
1136,1,#아직도
1137,1,#500일
1138,1,#어느쪽인가
1139,1,#암튼추카뽀카
1140,1,#오백크리스마스
1141,1,#오백일기념
1142,1,#치즈에와인
1143,4,#화이트와인
1144,1,#모스카토다스티
1145,1,#치즈짱맛
1146,1,#자랑스타그램
1147,1,#시들지않는꽃
1148,1,#꽃무드등
1149,1,#핑크수국
1150,1,#수국나무
1151,1,#수국유리등
1152,1,#넘넘이쁘다
1153,1,#귀걸이반짝반짝
1154,1,#스와로브스키
1155,1,#잘쓸게고마워
1156,3,#커플스타그램
1157,1,#500
1158,2,#술스타그램
1159,7,#와인
1160,1,#칠레
1161,1,#루이스펠리페에드워즈
1162,3,#wine
1163,1,#vino
1164,1,#chille
1165,1,#luisfelipeedwards
1166,1,#carmenere
1167,1,#2017
1168,2,#strawberry
1169,2,#cream
1170,1,#foodgasm
1171,1,#foodfetish
1172,1,#backen
1173,1,#먹나먹등
1174,2,#컨버세이션
1175,1,#켄로치
1176,1,#미안해요리키
1177,1,#movie
1178,1,#영화스타그램
1179,1,#kenloach
1180,1,#sorrywemissedyou
1181,1,#명필름카페
1182,1,#캐모마일
1183,3,#간식
1184,1,#토요일엔
1185,3,#얼스어스
1186,2,#얼스어스부산
1187,2,#earthus
1188,3,#달맞이카페
1189,3,#딸기크림치즈케이크
1190,2,#베리베리스트로베리크림치즈케이크
1191,3,#공감
1192,2,#작은여행
1193,2,#카페러버
1194,3,#cafelover
1195,2,#카페여행
1196,3,#부산카페추천
1197,7,#busancafe
1198,1,#한달이나지나찌만
1199,1,#만나서맛난거먹기
1200,2,#행복해
1201,1,#미팅룸여수
1202,1,#여수맛집
1203,1,#여수맛집추천
1204,1,#2차전
1205,1,#차이나로제파스타
1206,1,#가라아게카레
1207,5,#투썸플레이스
1208,12,#셀피
1209,2,#바스크
1210,5,#photo
1211,2,#bachee
1212,4,#cheese
1213,3,#바나나
1214,8,#follow
1215,3,#good
1216,2,#day
1217,4,#instadaily
1218,15,#selfie
1219,8,#아이폰
1220,2,#오늘은뭐먹지싶을댕
1221,2,#바닐라치즈케이크
1222,4,#광주주문케이크
1223,1,#광주케이크
1224,1,#광주생화케이크
1225,4,#광주디저트카페
1226,1,#생화케이크
1227,1,#광주레터링케이크
1228,1,#플로르델마르
1229,1,#라벨라치타
1230,1,#NewYorkCheeseCake
1231,1,#Cappuccino
1232,1,#Dessert
1233,1,#Cake
1234,1,#CheeseCake
1235,1,#카카오프렌즈
1236,2,#카카오프렌즈샵
1237,1,#카카오프렌즈카페
1238,1,#카카오카페
1239,2,#복숭아에이드
1240,1,#카카오샵
1241,1,#자몽하다
1242,1,#송리단길
1243,1,#패션디자인
1244,1,#패션
1245,1,#패디
1246,1,#99
1247,1,#인하공전
1248,4,#인천
1249,1,#패션스타그램
1250,1,#옷
1251,1,#옷스타그램
1252,1,#fashiondesign
1253,1,#fashion
1254,5,#dailylook
1255,1,#르봉봉타르트
1256,6,#타르트
1257,1,#양산카페
1258,1,#양산맛집
1259,1,#선물추천
1260,1,#호두파이
1261,1,#사과파이
1262,1,#애플타르트
1263,2,#애플파이
1264,1,#치즈타르트
1265,1,#뉴욕치즈타르트
1266,2,#아바라
1267,5,#당충전
1268,1,#광양예쁜카페
1269,1,#광양엘에프스퀘어
1270,2,#데이트추천
1271,1,#맛있는커피
1272,1,#양평카페
1273,1,#양평데이트
1274,1,#양평케이크
1275,1,#양평베이커리
1276,1,#하우스베이커리
1277,24,#케이크맛집
1278,1,#전참시맛집
1279,1,#전참시카페
1280,7,#선팔맞팔
1281,2,#부천
1282,1,#블랙소울클래식
1283,14,#아인슈페너
1284,1,#갸또쇼콜라
1285,1,#데이트명소
1286,1,#해방촌데이트추천
1287,1,#해방촌데이트
1288,1,#해방촌카페추천
1289,1,#로얄푸드앤드링크
1290,1,#뱅쇼맛집
1291,1,#뱅쇼한잔
1292,1,#CAFE
1293,1,#검사동
1294,1,#동촌
1295,1,#노비아갈라
1296,1,#뒷편
1297,1,#카페데이원
1298,5,#홈메이드
1299,3,#하루
1300,2,#수요일
1301,1,#후암동
1302,1,#후암동카페
1303,4,#cafekona
1304,3,#konacafe
1305,3,#코나카페
1306,4,#카페코나
1307,4,#거제카페
1308,4,#옥포카페
1309,4,#geojecafe
1310,4,#okpocafe
1311,4,#옥포맛집
1312,4,#옥포커피숍
1313,4,#거제맛집
1314,4,#옥포핫플
1315,4,#옥포타르트
1316,4,#거제케이크
1317,4,#옥포샌드위치
1318,4,#옥포카페라떼
1319,4,#거제디저트맛집
1320,4,#tart
1321,4,#믹스케이크
1322,4,#그린스무디
1323,4,#건강음료
1324,4,#과일타르트
1325,6,#티라미슈
1326,3,#말차쇼콜라
1327,2,#거제컵케이크
1328,2,#동탄역카페
1329,2,#시그니처1
1330,2,#창원데이트
1331,1,#곱창
1332,1,#곱창구이
1333,1,#세계과자할인점
1334,1,#비모
1335,1,#비모케이스
1336,1,#커플피어싱
1337,1,#가또프로마주
1338,1,#수풀레치즈케이크
1339,1,#오랜만에치즈케익
1340,1,#크렉이생길것같은느낌이왔어
1341,1,#예쁜크렉
1342,1,#크렉에연연해하지않겠어
1343,3,#주말일상
1344,1,#수성구카페
1345,1,#dailly
1346,5,#일요일
1347,1,#신상레스토랑
1348,1,#동대입구맛집
1349,1,#레스토랑바이농축원
1350,1,#ncw
1351,1,#캐치테이블
1352,1,#제주흙돼지
1353,1,#얼그레이가나슈
1354,2,#민트
1355,1,#caccioepepe
1356,1,#catchtable
1357,1,#건물찾기어려움
1358,1,#태극당옆
1359,1,#동대입구역
1360,10,#한스오븐
1361,11,#대전마카롱
1362,10,#신탄진마카롱
1363,10,#무색소마카롱
1364,10,#한스오븐마카롱
1365,11,#photography
1366,3,#빌리엔젤
1367,2,#코엑스
1368,1,#빌리엔젤케이크
1369,2,#체리치즈케이크
1370,2,#맛있는케이크
1371,1,#봉은사역
1372,2,#삼성역
1373,1,#공유
1374,2,#ffff
1375,1,#in
1376,1,#follwme
1377,1,#서울중곡동카페
1378,1,#중곡디저트
1379,1,#바이레인
1380,1,#byrain
1381,1,#따뜻한연말
1382,2,#시바네
1383,3,#의정부카페
1384,8,#까눌레
1385,3,#민락동카페
1386,1,#서울근교카페
1387,3,#양주카페
1388,3,#연말선물
1389,2,#의정부
1390,1,#동두천
1391,2,#시바견
1392,2,#데일리카페
1393,1,#니가좋아하는카페
1394,1,#계명대카페
1395,1,#계대카페
1396,1,#성서카페
1397,1,#달서구카페
1398,1,#계명대
1399,1,#계대
1400,4,#카페모카
1401,1,#진주평거동
1402,1,#차분히커피
1403,1,#킨토
1404,2,#leprieur
1405,1,#cafeinterior
1406,2,#osakacafe
1407,1,#antique
1408,1,#카페인테리어
1409,4,#오사카카페
1410,1,#엔티크
1411,2,#조슈아커피
1412,1,#남포동
1413,2,#광복동
1414,2,#광복동카페
1415,2,#남포동카페
1416,1,#그라운드27
1417,3,#수다
1418,1,#date
1419,1,#ground27
1420,5,#americano
1421,7,#부산맛집
1422,6,#부산여행
1423,3,#부산핫플
1424,3,#해운대핫플
1425,5,#데이트코스
1426,3,#신세계센텀시티
1427,3,#센텀시티카페
1428,4,#광안리카페
1429,3,#해리단길카페
1430,3,#벡스코
1431,3,#부산시립미술관
1432,2,#거울맛집
1433,4,#크로와상
1434,3,#인생샷카페
1435,3,#혼커
1436,3,#부산가죽공방
1437,4,#원데이클래스
1438,1,#급만남
1439,11,#크리스마스선물
1440,1,#화양가옥
1441,1,#런치메뉴
1442,3,#치즈돈까스
1443,1,#루꼴라체리토마토피자
1444,1,#새우로제스파게티
1445,2,#키노이스
1446,1,#배불러서
1447,1,#먹자
1448,1,#우리
1449,1,#자주만나자
1450,1,#염탐쟁이
1451,2,#ㅋㅋㅋ
1452,1,#크리스마스만찬
1453,1,#고구마피자
1454,1,#금육기간
1455,1,#몽슈슈
1456,1,#monchouchou
1457,2,#직장인
1458,1,#내일출근실화냐
1459,1,#lucky02
1460,2,#구움과자전문점
1461,1,#퐁당오쇼콜라
1462,1,#snob
1463,2,#대학로
1464,2,#첫줄안녕
1465,2,#강릉
1466,3,#맛집탐방
1467,1,#고급소주
1468,1,#포남본점
1469,1,#서대문족발
1470,1,#포남동맛집
1471,1,#투다리
1472,2,#장칼국수
1473,1,#나운장칼국수
1474,1,#교동점
1475,1,#샤브향
1476,1,#동화가든
1477,1,#짬뽕순두부
1478,1,#동화가든짬뽕순두부
1479,1,#흑커피
1480,1,#초당커피정미소
1481,1,#르까레
1482,1,#핸드크림
1483,1,#감사요
1484,1,#즐겁다
1485,6,#홈카페
1486,3,#녹차덕후
1487,1,#오설록
1488,1,#녹치케
1489,1,#아이스
1490,1,#s
1491,1,#식사후
1492,2,#달달
1493,1,#카페사랑
1494,2,#강남카페
1495,1,#고속터미널
1496,1,#고속터미널카페
1497,2,#신세계백화점
1498,1,#deananddeluca
1499,3,#ㅊㅈ
1500,1,#내사랑둘찌생일
1501,1,#독감에걸려서ㅜㅜ
1502,1,#12월20일생아들
1503,1,#친구들하고맛나게먹어
1504,1,#브롤스타즈케이크는
1505,1,#어린이집서마지막생일
1506,2,#쁘띠마레
1507,1,#포항쁘띠마레
1508,1,#환호공원길11
1509,4,#케이크만들기
1510,1,#100프로동물성생크림
1511,1,#딸기농장네싱싱한딸기
1512,1,#끼리크림치즈
1513,1,#필라델피아치즈
1514,1,#방목계란
1515,1,#정직하게만들고있습니다
1516,1,#리얼초코우유
1517,1,#버터쿠키
1518,2,#생딸기케이크
1519,1,#어린이집간식
1520,1,#방과후간식
1521,5,#생일
1522,1,#20191221
1523,1,#로얄얼그레이티
1524,2,#밀크티라떼
1525,1,#피스타치오치즈케이크
1526,1,#홍차치즈케이크
1527,1,#코코바나나치즈케이크
1528,5,#JMT
1529,2,#육아
1530,1,#육아일상
1531,2,#육아일기
1532,1,#육아그램
1533,1,#육아기록
1534,1,#육아소통그램
1535,1,#소소한일상
1536,2,#맘스타그램
1537,1,#줌스타그램
1538,2,#줌마그램
1539,1,#일본어
1540,1,#현장체험학습
1541,1,#켄짱카레
1542,1,#냥이
1543,2,#고양이
1544,2,#귀엽다
1545,1,#재밌었다
1546,3,#크리스마스데이트
1547,2,#데이트그램
1548,1,#대구나들이
1549,1,#여전히
1550,1,#할리스
1551,1,#대구할리스
1552,1,#최애메뉴
1553,1,#아이스먹기좋은날씨
1554,1,#딸기치즈케익할리치노
1555,1,#딸기는사랑입니다
1556,1,#더블치즈라운드
1557,1,#묵돌이들
1558,1,#다이어트는내년부터
1559,1,#럽럽럽
1560,1,#라부라부
1561,1,#너랑노는게제일재밌어
1562,4,#생일파티
1563,9,#홈파티
1564,1,#곱창떡볶이
1565,1,#지코바
1566,1,#먹
1567,5,#먹스타
1568,2,#hbd
1569,1,#블로거
1570,1,#경우공연
1571,4,#전주객사
1572,4,#전주객리단길
1573,7,#객리단길카페
1574,4,#전주커피
1575,4,#전주디저트
1576,5,#전주디저트카페
1577,6,#딸기티라미수
1578,4,#전주투어
1579,2,#크리스마스공연
1580,2,#전주공연
1581,1,#카페공연
1582,1,#객사카페
1583,2,#딸기크림라떼
1584,1,#낙성대
1585,9,#낙성대카페
1586,10,#서울대입구카페
1587,2,#서울대입구맛집
1588,2,#카페미엘
1589,1,#아비앙또
1590,1,#로카치케
1591,4,#카라멜
1592,1,#로투스
1593,3,#푸딩
1594,1,#맛있는것만
1595,1,#건강하게
1596,1,#드세요
1597,1,#딸기모찌
1598,1,#베이징
1599,1,#왕징
1600,1,#왕징맛집
1601,1,#716일
1602,1,#716
1603,1,#716days
1604,1,#23개월
1605,2,#23
1606,1,#23month
1607,1,#2017년생
1608,1,#3세아기
1609,2,#닭띠아기
1610,2,#아기
1611,1,#baby
1612,1,#육아스타그램
1613,6,#육아맘
1614,1,#아들맘
1615,1,#아들덕후
1616,1,#벼룩시장
1617,1,#로운
1618,1,#샤브샤브
1619,1,#롯데마트
1620,1,#통큰블록
1621,1,#탕진잼
1622,1,#60계치킨
1623,7,#홈베이킹
1624,1,#귀여움
1625,2,#푸드딜리버리
1626,2,#배민라이더스
1627,5,#카페알토대전
1628,5,#알토카페대전
1629,9,#대전카페
1630,6,#유성카페
1631,5,#도안카페
1632,5,#봉명동카페
1633,5,#디자인카페
1634,5,#로스팅카페
1635,2,#라니네
1636,2,#lanine
1637,2,#라니네케이크
1638,6,#우리동네맛집
1639,2,#핸드메이드
1640,2,#100프로
1641,2,#우유생크림
1642,2,#호두당근케이크
1643,8,#오레오케이크
1644,2,#까치산맛집
1645,2,#까치산카페
1646,2,#화곡동카페
1647,2,#까치산케이크
1648,2,#2단케이크
1649,3,#배달의민족
1650,2,#배민
1651,1,#샤인머스캣
1652,6,#산타
1653,1,#연년생맘
1654,1,#3살
1655,1,#2살
1656,1,#개띠아기
1657,2,#마켓컬리
1658,1,#헬커피
1659,1,#육아맘소통
1660,1,#산타언니
1661,1,#산타케이크
1662,1,#앤디워홀케이크
1663,1,#kobe
1664,1,#코베
1665,1,#bis
1666,1,#rili
1667,1,#purelamo
1668,2,#mery
1669,2,#마마카롱
1670,2,#이촌
1671,2,#이촌역
1672,2,#이촌역맛집
1673,2,#동부이촌동
1674,2,#동부이촌동맛집
1675,4,#뚱카롱
1676,6,#초콜릿
1677,3,#라즈베리
1678,4,#앙버터
1679,2,#조리퐁
1680,2,#돼지바
1681,2,#초코바나나
1682,2,#황치즈
1683,2,#월드콘
1684,3,#인절미
1685,2,#복숭아
1686,2,#복숭아요거트
1687,2,#초코나무숲
1688,1,#libreak
1689,1,#brownie
1690,1,#리브릭
1691,1,#리브릭라떼
1692,8,#디저트스타그램
1693,1,#배달커피
1694,1,#반달커피
1695,1,#반달커피역북점
1696,1,#명지대카페
1697,1,#배달샌드위치
1698,1,#딜리버리카페
1699,1,#너무귀엽다
1700,1,#더티초코
1701,2,#바닐라빈라떼
1702,1,#cafemiel
1703,1,#유지어트식단
1704,1,#유지어트일기
1705,1,#다이어트식단일기
1706,1,#다이어트그램
1707,2,#오드이븐
1708,1,#ODDEVEN
1709,1,#자갈치카페
1710,1,#부평시장
1711,1,#민
1712,2,#건대입구역
1713,2,#건대디저트
1714,2,#건대마카롱
1715,2,#건대디저트카페
1716,3,#건국대
1717,2,#세종대디저트카페
1718,2,#세종대마카롱
1719,2,#세종대
1720,2,#어린이대공원역
1721,2,#어린이대공원
1722,10,#무스케이크
1723,5,#꽃
1724,2,#플라워바바로아
1725,5,#초코
1726,4,#말차
1727,2,#캐릭터케이크
1728,2,#화양동맛집
1729,2,#자양동맛집
1730,2,#군자동맛집
1731,2,#스모모
1732,2,#김천
1733,10,#인스타그램
1734,1,#인스타라이프
1735,1,#소통스타그램
1736,1,#소통환영
1737,2,#맞팔해요
1738,1,#르쟈르뎅
1739,1,#푸드연남
1740,1,#바나나치즈케이크
1741,1,#연남
1742,4,#연남동디저트
1743,1,#추천카페
1744,2,#목요일
1745,3,#연트럴파크
1746,1,#여자여자여자
1747,1,#권선동
1748,1,#알로할로
1749,1,#수다떨기
1750,2,#분위기갑
1751,1,#생갈비
1752,1,#양념갈비
1753,1,#물냉면
1754,1,#수제갈비
1755,1,#삼송가든
1756,2,#생일스타그램
1757,1,#친정엄마생신
1758,1,#외식스타그램
1759,3,#친구
1760,4,#해운대
1761,1,#달맞이
1762,1,#달맞이오브제
1763,5,#자몽에이드
1764,1,#새우와꾸미
1765,1,#빵생축
1766,11,#instagood
1767,6,#instagram
1768,1,#karosukiru
1769,3,#travel
1770,4,#trip
1771,5,#한국여행
1772,1,#daikanyama
1773,1,#서커스래빗
1774,1,#아기포크질
1775,1,#시식
1776,2,#또먹고싶다
1777,1,#또갈게요
1778,1,#맛있어서행복행
1779,1,#크리스마스저녁
1780,1,#잠실케이크
1781,2,#레터링케이크
1782,1,#잠실케이크맛집
1783,1,#아기스타그램
1784,1,#베이비스타그램
1785,1,#babystagram
1786,1,#16개월26일
1787,1,#제주특별자치도
1788,11,#제주도
1789,3,#제주시
1790,1,#제주공항
1791,7,#빵집
1792,1,#연동
1793,1,#연동카페
1794,1,#신제주
1795,1,#신제주카페
1796,1,#바론
1797,3,#롤케이크
1798,2,#식빵
1799,2,#수제잼
1800,3,#딸기타르트
1801,1,#바닐라슈
1802,1,#호캉스
1803,11,#셀스타그램
1804,1,#여친스타그램
1805,1,#남친스타그램
1806,1,#사랑꾼
1807,1,#연애중
1808,2,#화이트크리스마스
1809,1,#내년에도
1810,2,#함께
1811,1,#카미유과자점
1812,1,#camille
1813,2,#부천케이크
1814,1,#부천디저트
1815,1,#꾸덕치즈
1816,2,#딸기쇼트
1817,1,#구름마카롱
1818,1,#이에나파이
1819,2,#비워두기
1820,2,#봉선동맛집
1821,11,#치즈케익
1822,1,#치즈케익맛집
1823,1,#에멘탈
1824,1,#와인전문점
1825,1,#비워두기치즈케익
1826,2,#광주맛집
1827,1,#푸들
1828,3,#강아지
1829,1,#반려동물
1830,3,#트리
1831,2,#12월25일
1832,1,#반짝반짝
1833,2,#중구
1834,1,#차이나타운
1835,3,#대만
1836,1,#타이베이
1837,8,#아이스아메리카노
1838,2,#찰떡궁합
1839,6,#푸드스타그램
1840,1,#푸드그램
1841,12,#셀카
1842,3,#얼스타그램
1843,2,#데일리스타그램
1844,3,#taiwan
1845,3,#taipei
1846,3,#starbucks
1847,1,#yum
1848,6,#foodstagram
1849,1,#newyork
1850,1,#manhattan
1851,1,#eileenscheesecake
1852,1,#미국
1853,2,#뉴욕
1854,1,#ㄱㅁㄱ
1855,2,#Christmas
1856,1,#MerryChristmas
1857,1,#ChristmasCake
1858,1,#정원커뮤니케이션
1859,1,#아티장홍
1860,2,#귤
1861,1,#tea
1862,1,#겨울간식
1863,1,#생화케이크원데이
1864,1,#조용한연말
1865,1,#바쁜하루였다
1866,1,#부산덕천
1867,1,#덕천카페
1868,1,#엔에프커피
1869,1,#따뜻한라떼
1870,1,#즐거운연말
1871,1,#즐거운주말
1872,1,#쇼핑
1873,1,#크릴새우
1874,1,#크릴오일
1875,1,#비아
1876,1,#나이키
1877,1,#저장
1878,1,#세라믹
1879,1,#화이트
1880,1,#가정의행복
1881,1,#단벌신사
1882,1,#코스트코
1883,1,#이것저것
1884,3,#원주카페
1885,3,#참새방앗간
1886,2,#원주커피
1887,1,#원주맛집
1888,2,#원주핫플
1889,1,#원주가볼만한곳
1890,2,#원주데이트
1891,1,#하겐다즈
1892,1,#초코주르륵
1893,1,#크림플랫화이트
1894,1,#크림커피
1895,4,#부평카페
1896,1,#딸기치즈파이
1897,1,#맛집카페
1898,2,#민락2지구카페
1899,2,#시바
1900,1,#의정부시바네
1901,1,#의정부데이트
1902,1,#마들렌맛집
1903,1,#옥수수크림치즈케이크
1904,1,#아웃백
1905,1,#토마호크스테이크
1906,1,#프리미엄사이드
1907,1,#치킨텐더추가
1908,2,#투움바파스타
1909,1,#고기너무큰데
1910,1,#짱마싯써
1911,2,#도라도
1912,2,#삼성역카페
1913,2,#초코케익
1914,1,#삼성
1915,1,#휴식
1916,4,#아우스밀
1917,2,#딸기초코주르륵
1918,1,#인절미갸또
1919,1,#흑임자갸또
1920,3,#생크림스콘
1921,1,#원주케이크
1922,14,#l4l
1923,1,#likes
1924,1,#cafemill
1925,1,#귀요미
1926,1,#megustacompany
1927,1,#소은
1928,3,#flatcoffee
1929,3,#플랫커피
1930,3,#브루잉
1931,3,#프릳츠
1932,3,#커피리브레
1933,3,#모모스
1934,3,#커피몽타주
1935,3,#WERK
1936,4,#토스트
1937,3,#푸어오버
1938,3,#에어로프레스
1939,3,#하리오스위치
1940,3,#후르츠젤리소다
1941,3,#스트로베리라떼
1942,6,#귤귤차
1943,6,#손끗
1944,6,#오레오스무디
1945,1,#모르면말을말라
1946,1,#얼마나따숩게요
1947,1,#한스베그너
1948,1,#어그
1949,1,#외부출강
1950,1,#genic
1951,1,#tabijyomap
1952,1,#koreatrip
1953,2,#santa
1954,2,#수원
1955,1,#복자다방
1956,1,#아라비아핀란드
1957,1,#딸기타르트는
1958,1,#거하플라워
1959,3,#사장이직접만들어요
1960,3,#일더하기이분의일
1961,3,#초콜렛무스케이크
1962,3,#초코무스케이크
1963,3,#퐁당쇼콜라
1964,3,#티라미수맛집
1965,6,#케이크주문제작
1966,3,#오레몽
1967,3,#rishitea
1968,3,#홍차
1969,3,#허브차
1970,3,#손뜨개
1971,3,#손뜨개가방
1972,3,#손뜨개홀더
1973,3,#공간대여
1974,1,#분더샵
1975,1,#분더샵청담
1976,1,#너무추워
1977,1,#도산공원핫플
1978,1,#호가든
1979,2,#압구정카페
1980,1,#청담동카페
1981,2,#브런치
1982,1,#도산공원
1983,1,#산책
1984,1,#커피향기
1985,2,#춥다
1986,1,#방콕
1987,1,#겨울싫어
1988,1,#분더샵라운지
1989,1,#용정콜렉션
1990,1,#전기장판과한몸
1991,2,#생딸기라떼
1992,1,#봉선동카페
1993,3,#광주카페
1994,1,#아필코
1995,1,#광주아필코
1996,5,#선팔하면맞팔
1997,3,#맞좋아요
1998,2,#like
1999,2,#다이어트
2000,4,#광주
2001,1,#레몬차
2002,1,#다이어터
2003,1,#식단
2004,6,#좋아요테러
2005,2,#추천
2006,2,#틱텍톡
2007,3,#연남카페
2008,1,#말차케이크
2009,1,#fuzzy
2010,1,#퍼지
2011,1,#블로그
2012,1,#크럼블치즈케이크
2013,1,#누텔라초코라떼
2014,1,#초코라테
2015,1,#평택
2016,1,#소사벌
2017,2,#평택카페
2018,1,#소사벌카페
2019,4,#공릉맛집
2020,4,#공릉동맛집
2021,8,#아아
2022,3,#얼죽아
2023,1,#스타벅스케이크
2024,1,#스타벅스치즈케이크
2025,1,#현풍카페
2026,1,#현풍맛집
2027,1,#텍폴카페
2028,1,#텍폴맛집
2029,1,#테크노폴리스
2030,1,#테크노폴리스맛집
2031,1,#테크노폴리스카페
2032,1,#현풍
2033,1,#텍폴
2034,1,#구지
2035,1,#논공
2036,1,#디지스트
2037,1,#비슬산
2038,1,#창녕
2039,1,#고령
2040,1,#텍폴롯데시네마카페
2041,1,#현풍롯데시네마맛집
2042,1,#텍폴롯데시네마맛집
2043,1,#현풍롯데시네마카페
2044,1,#딥슬로우
2045,3,#콜드브루
2046,2,#더치커피
2047,1,#딥바닐라
2048,1,#크리스마스홀케이크
2049,1,#텍폴케이크
2050,1,#deepslow
2051,1,#케잌맛집
2052,1,#태국
2053,1,#누텔라
2054,1,#황치즈마카롱
2055,1,#요거트마카롱
2056,1,#스위스머랭
2057,1,#클레멘타인
2058,3,#단거
2059,1,#방학
2060,1,#산타시바치즈케이크
2061,1,#Cheesecake
2062,1,#cooking
2063,1,#SonyRX100
2064,1,#아침
2065,1,#kaohsiung
2066,1,#twig
2067,1,#breakfast
2068,1,#어린이날
2069,1,#딸기프레지에
2070,1,#에노하나
2071,2,#유럽여행
2072,2,#체코
2073,2,#프라하
2074,1,#프라하성
2075,1,#입장
2076,1,#줄이길다
2077,1,#입장은
2078,1,#다음에
2079,2,#까를교
2080,1,#내려와서
2081,1,#한적한카페
2082,1,#분위기좋다
2083,1,#이제부터
2084,1,#빵굽는여자
2085,4,#블루베리치즈케이크
2086,1,#집에서만든
2087,2,#오늘도
2088,1,#사부작사부작
2089,1,#퍼스
2090,1,#네이처캔버스
2091,1,#감귤
2092,1,#제주앓이
2093,1,#제주살이
2094,1,#제주에미치다
2095,3,#제주도카페
2096,1,#팝업스토어
2097,1,#내가시킬걸
2098,1,#공간이음카페
2099,2,#크리스마스준비
2100,3,#torontocakes
2101,3,#torontodessert
2102,3,#jellybeancake
2103,3,#젤리빈케이크
2104,3,#caketo
2105,3,#dessertto
2106,3,#토론토
2107,3,#toronto
2108,3,#토론토맛집
2109,5,#기념일
2110,3,#doubleayer
2111,3,#eeeeeats
2112,2,#더블레이어
2113,2,#더블레이어치즈케이크
2114,2,#토론토치즈케이크
2115,2,#토론토케이크추천
2116,1,#베이크드치즈
2117,3,#인친환영
2118,1,#선팔하면맞팔가요
2119,1,#선팔후맞팔
2120,1,#맞팔환영
2121,2,#팔로우미
2122,1,#인스타굿
2123,1,#민락2지구
2124,1,#zureo
2125,1,#분위기좋음
2126,2,#치즈룸
2127,1,#부라타치즈샐러드
2128,1,#트러플파스타
2129,1,#썬드라이토마토
2130,1,#플랫브레드
2131,1,#너무친절하신직원분들
2132,1,#브런치맛집
2133,1,#치즈맛집
2134,1,#안다즈서울강남
2135,1,#다맛있어
2136,1,#남냠
2137,1,#엄마랑삼촌이랑데이트
2138,6,#버터힐
2139,6,#빠다힐
2140,6,#Butterhill
2141,6,#버티힐
2142,6,#초코렛케이크
2143,6,#버티고개
2144,6,#버티고개역
2145,6,#버티힐스
2146,6,#버티힐즈
2147,4,#버티고개힐즈
2148,6,#힙티고개
2149,4,#버티고개케이크
2150,4,#버티고개카페
2151,4,#버티고개커피
2152,6,#버티고개베이크샵
2153,6,#버티고개베이커리
2154,6,#남산성곽길
2155,6,#버티고개맛집
2156,6,#약수동맛집
2157,6,#신당동맛집
2158,6,#중구맛집
2159,4,#다산동맛집
2160,7,#성탄절
2161,2,#카프레제
2162,1,#빠네파스타
2163,5,#연어샐러드
2164,1,#카페동백
2165,1,#제주도여행
2166,1,#눈사람마카롱
2167,1,#소고뭉치
2168,1,#글자를뭉개다
2169,1,#옷에흘리거나
2170,1,#망가뜨리거나
2171,2,#6주년
2172,1,#꺄
2173,1,#고마워
2174,2,#ㄱㅊㅅㅇ
2175,1,#2200일
2176,4,#기념일케이크
2177,1,#도나케이크
2178,1,#하트
2179,1,#가랜드
2180,2,#이벤트
2181,1,#풀빌라
2182,2,#경주
2183,1,#펜션
2184,1,#경주엑스포
2185,1,#경주보문단지
2186,1,#찬란한빛의신라
2187,1,#솔거미술관
2188,1,#립아이스테이크
2189,1,#남이해준밥
2190,3,#전포동
2191,1,#전포리
2192,1,#수제버거
2193,1,#도쎄비다카페
2194,1,#아네모오네
2195,1,#동인천
2196,1,#신포동
2197,4,#핫초코
2198,1,#언니랑엄마랑
2199,1,#넘겨보기
2200,1,#개취
2201,1,#셀카맛집
2202,1,#귀산
2203,1,#마창대교
2204,3,#카페거리
2205,2,#하우스371
2206,1,#house371
2207,1,#아포가토
2208,1,#카페인충전
2209,1,#equal
2210,3,#인스타푸드
2211,1,#쿄토
2212,1,#쿄토카페
2213,2,#서울카페추천
2214,3,#아르무아카페
2215,1,#달콤함을담다
2216,1,#달콤함을담다디저트카페
2217,1,#달담디저트카페
2218,1,#바스크식치즈케이크
2219,1,#노밀가루케이크
2220,1,#탄거아니예요
2221,2,#맛있어요
2222,4,#busan
2223,7,#jeju
2224,1,#해리단길
2225,1,#제주감성카페
2226,1,#이색카페
2227,1,#책읽기좋은카페
2228,1,#분위기있는카페
2229,9,#서면
2230,2,#전포
2231,1,#센텀
2232,1,#망미
2233,1,#수영
2234,1,#제주맥주
2235,1,#제주위트에일
2236,1,#제주펠롱에일
2237,6,#구움과자
2238,3,#오늘의디저트
2239,1,#홍대핫플레이스
2240,2,#홍대핫플
2241,2,#서교동카페
2242,1,#서교동맛집
2243,5,#레어치즈케이크
2244,3,#핫플레이스
2245,2,#핫플
2246,1,#희진
2247,1,#베이킹특강
2248,1,#기린중
2249,4,#겨울
2250,1,#제철
2251,2,#맛나요
2252,1,#좋테반사
2253,2,#좋테
2254,1,#맞좋테러
2255,3,#좋반테러
2256,5,#likeforlikes
2257,6,#likeforfollow
2258,4,#like4likes
2259,2,#l4like
2260,2,#건대입구
2261,4,#조각케이크
2262,1,#허니자몽티
2263,1,#건대까페
2264,1,#연휴시작
2265,1,#룰루
2266,1,#솔티드카라멜라떼
2267,1,#카페이정원
2268,1,#이정원카페
2269,1,#경성대카페
2270,1,#부경대카페
2271,1,#자연친화카페
2272,2,#대연동카페
2273,1,#부산낭만카페35선
2274,2,#카라멜라떼
2275,1,#카피맛집
2276,2,#신메뉴
2277,2,#벨기에초콜릿
2278,2,#초콜릿무스
2279,2,#초콜릿쉐이빙
2280,2,#초콜릿치즈케익
2281,4,#cheesecakefactory
2282,1,#쎄지엠
2283,1,#mmscoffee
2284,1,#엠엠에스커피
2285,4,#12월
2286,2,#내년에는
2287,1,#많이웃어야지
2288,3,#망미단길
2289,3,#시로네
2290,1,#마작가
2291,1,#딸기듬뿍
2292,1,#딸기듬뿍케이크
2293,1,#생크림딸기
2294,2,#생크림딸기케이크
2295,1,#1호22000원
2296,1,#시즌보틀
2297,1,#리유저블컵
2298,1,#베이글
2299,1,#크리스마스날에도
2300,1,#오픈했어요
2301,1,#todaysdessert
2302,1,#dessertstagram
2303,5,#teatime
2304,1,#postre
2305,1,#postredehoy
2306,1,#pasteldequeso
2307,1,#해외살이
2308,1,#해외살이그램
2309,1,#스페인살이
2310,1,#해운대맘
2311,1,#부산맘
2312,2,#초딩맘
2313,5,#가족
2314,1,#데이지
2315,2,#딸스타그램
2316,1,#homesweethome
2317,2,#daughter
2318,2,#family
2319,2,#party
2320,3,#happynewyear
2321,3,#에이롬
2322,2,#연천
2323,1,#시골
2324,1,#작은
2325,1,#수제과자점
2326,2,#연천맛집
2327,1,#연천역
2328,2,#연천빵집
2329,6,#빵지순례
2330,1,#은은한하루
2331,1,#캔들
2332,1,#캔들공방
2333,1,#부산캔들
2334,1,#부산캔들수강
2335,1,#부산원데이
2336,1,#부산원데이클래스
2337,1,#부산데이트
2338,1,#이쁜캔들
2339,3,#팔로우반사
2340,1,#likeslike
2341,9,#fff
2342,1,#인테리어소품
2343,1,#감성소품
2344,2,#여친선물
2345,1,#남친선물
2346,1,#답례품추천
2347,1,#어린이집
2348,1,#치즈캔들
2349,1,#디저트캔들
2350,1,#캔들맛집
2351,2,#크림브륄레
2352,1,#카페느담
2353,1,#카페느리게담다
2354,1,#느담
2355,1,#느리게담다
2356,8,#김해카페
2357,8,#장유카페
2358,1,#장유율하카페거리
2359,1,#율하카페거리
2360,1,#김해디저트
2361,1,#장유디저트
2362,1,#율하디저트
2363,1,#꾸덕푸딩
2364,1,#샤레
2365,1,#딥브라우니
2366,1,#크림브륄레라떼
2367,1,#크림뷜레라떼
2368,1,#장유핫플
2369,1,#율하핫플
2370,1,#김해핫플
2371,2,#송도카페
2372,2,#너티차일드
2373,1,#인천맛집
2374,1,#강남역
2375,1,#강남역12번출구
2376,1,#교정
2377,1,#교정스타그램
2378,1,#교정전문치과
2379,1,#교정전문의치과
2380,1,#교정전후
2381,1,#스마일존
2382,1,#스마일존치과
2383,1,#교정치과
2384,1,#교정치료
2385,1,#ormco
2386,1,#옴코
2387,1,#alias
2388,1,#알리아스브라켓
2389,1,#ok브라켓
2390,1,#Dr
2391,1,#스마일존교정치과
2392,1,#smilezone
2393,2,#도지마롤
2394,1,#도지마롤케익
2395,1,#당떨어지는시간
2396,5,#일본
2397,4,#일본여행
2398,1,#후쿠오카여행
2399,4,#후쿠오카카페
2400,3,#japan
2401,1,#Fukuoka
2402,1,#다자이후
2403,1,#다자이후카페
2404,1,#midle
2405,1,#루이보스
2406,1,#chaen
2407,1,#nutella
2408,1,#torta
2409,1,#oreo
2410,1,#cupcake
2411,1,#kinder
2412,3,#macaron
2413,1,#cioccolato
2414,3,#dessertporn
2415,1,#cupcakes
2416,1,#smores
2417,1,#buttercream
2418,1,#peanutbutter
2419,1,#딸기포인트
2420,2,#크림치즈케이크
2421,1,#크리스마스엔
2422,2,#카페드라무
2423,1,#맛있는카페
2424,5,#마곡카페
2425,1,#강서구카페
2426,2,#발산역카페
2427,2,#양천향교역카페
2428,2,#양천향교카페
2429,1,#superjunior
2430,1,#yesung
2431,1,#cafearmoire
2432,3,#슈퍼주니어
2433,1,#예성
2434,1,#카페아르무아
2435,4,#술
2436,1,#민수취함
2437,1,#민수생일
2438,2,#커플신발
2439,1,#목걸이
2440,1,#rec
2441,1,#르쏠
2442,1,#영롱보스
2443,1,#카페도토리
2444,1,#옥길동
2445,1,#옥길동카페
2446,8,#부천카페
2447,1,#부천카페추천
2448,2,#광명
2449,2,#광명카페
2450,1,#시흥
2451,1,#시흥카페
2452,1,#부천스타필드
2453,2,#디저트카페추천
2454,1,#미니케이크
2455,2,#머핀
2456,1,#사과에이드
2457,1,#우리집조식
2458,1,#성탄절조식
2459,1,#나는치즈케잌
2460,1,#윤자매는파스타
2461,1,#빨리먹고놀아라
2462,1,#트레이더스
2463,2,#아보카도
2464,1,#epik2019
2465,2,#ulsan
2466,1,#latergram
2467,1,#instafoodies
2468,1,#wanderlust
2469,2,#like4like
2470,1,#solotravel
2471,1,#대한민국
2472,1,#삼산동
2473,1,#성남동
2474,11,#울산맛집
2475,1,#미국인
2476,8,#냠냠
2477,4,#lfl
2478,1,#lflf
2479,2,#좋아요환영
2480,1,#오로지케이크
2481,1,#솔티캬라멜케이크
2482,1,#해피크리스마스
2483,4,#데일리그램
2484,1,#아벨코스요리
2485,1,#석화
2486,1,#알리오올리오파스타
2487,1,#관자요리
2488,1,#찹스테이크
2489,1,#아벨
2490,1,#해운대아벨
2491,1,#부산와인바
2492,1,#해운대와인바
2493,1,#해운대맛집
2494,1,#호텔
2495,1,#뷔페
2496,1,#서울신라호텔
2497,1,#호텔뷔페
2498,1,#맛스타
2499,1,#다쿠아즈케이크
2500,4,#followforfollowback
2501,1,#회식
2502,1,#주절주절
2503,1,#남친이랑
2504,1,#잇더서울
2505,1,#부타야돈이찌
2506,1,#스테이크덮밥
2507,1,#큰거랑
2508,1,#스테이크덮밥과
2509,1,#콤부차
2510,1,#로얄밀크티쉐이크
2511,1,#플레인요거프라페
2512,2,#가방
2513,1,#키엘
2514,1,#홀리데이키트
2515,1,#만족도100
2516,1,#증사는
2517,1,#망한거같다
2518,1,#그래도
2519,1,#행복한
2520,1,#르브릭
2521,3,#성수동카페
2522,1,#성수
2523,1,#성수동
2524,3,#단호박치즈케이크
2525,1,#멜리멜로우
2526,3,#동성로
2527,1,#안지랑
2528,2,#우리집
2529,1,#가짜눈사람
2530,8,#크리스마스파티
2531,1,#hello2020
2532,1,#파티요리
2533,2,#요리스타그램
2534,1,#벨로닉스멀키쿠커
2535,1,#소고기
2536,1,#해시태그
2537,1,#lymymi
2538,1,#르레브카페
2539,2,#수원역카페
2540,1,#르레브카페수원
2541,2,#수원역
2542,3,#lerevecafe
2543,1,#sns
2544,1,#아름다운그대에게
2545,1,#아름다운그대에게카페
2546,1,#비건
2547,3,#수제
2548,1,#간판없는가게
2549,1,#레이스커튼
2550,1,#대부도
2551,1,#영흥도
2552,1,#플로레도커피
2553,1,#화창상사
2554,1,#bike
2555,1,#touring
2556,1,#motorcycle
2557,1,#유자차
2558,1,#바이크
2559,1,#투어링
2560,1,#라이딩
2561,1,#오토바이
2562,1,#모터사이클
2563,1,#취미
2564,1,#바이크스타그램
2565,1,#평리단길카페
2566,1,#부평데이트
2567,2,#크레이프케이크
2568,1,#판나코타
2569,1,#크루와상
2570,1,#빨리오세요
2571,1,#달보드레
2572,1,#네일카페
2573,1,#감성에이드
2574,1,#핑크에이드
2575,1,#달빛에이드
2576,1,#에이드맛집
2577,1,#에이드장인
2578,1,#리얼치즈케익
2579,1,#리얼치즈케이크
2580,1,#일산맛집
2581,1,#달보드레네일카페
2582,1,#일산예쁜카페
2583,1,#아쉽다
2584,2,#미니치즈케이크
2585,1,#크리스마스분위기물씬
2586,1,#둘이먹기딱좋아
2587,1,#망미동카페
2588,3,#카페놀이
2589,1,#foodlover
2590,1,#dessertlover
2591,1,#cheesecakelover
2592,2,#lifestyle
2593,2,#그림맛집
2594,1,#오월생
2595,1,#딸기레어치즈케이크
2596,1,#투도어워크룸
2597,1,#밀양카페
2598,1,#밀양역
2599,7,#instafood
2600,1,#치즈뚝배기
2601,1,#술취한거아님
2602,1,#팔로미
2603,1,#전리단길
2604,1,#굿굿웨더
2605,4,#감성
2606,1,#전포사잇길
2607,4,#레드벨벳케이크
2608,5,#딸기생크림케이크
2609,2,#체커케이크
2610,3,#바나나푸딩
2611,2,#월넛초콜릿칩쿠키
2612,1,#다크초코쿠키
2613,2,#청포도타르트
2614,2,#아몬드초코후레이크
2615,2,#오트밀크랜베리쿠키
2616,1,#크리스마스맛집
2617,4,#서울대입구디저트
2618,1,#서울대입구케이크
2619,3,#낙성대디저트
2620,1,#낙성대빵집
2621,2,#낙성대케이크
2622,3,#봉천동카페
2623,1,#봉천동맛집
2624,2,#봉천동디저트
2625,4,#샤로수길디저트
2626,1,#소고기맛집
2627,1,#더푸줏간수원역점
2628,2,#내일은
2629,1,#여행가자
2630,4,#오사카
2631,1,#우메다
2632,3,#고구마
2633,1,#미용사
2634,1,#데이리
2635,1,#piccolatte
2636,1,#인천카페추천
2637,3,#theorder
2638,1,#말차라떼맛집
2639,1,#구월동카페추천
2640,2,#카페자르트
2641,2,#부천역카페
2642,2,#부천대카페
2643,2,#라비앙로즈
2644,1,#초코딸기케이크
2645,2,#안동카페
2646,1,#안동커피
2647,1,#jeonju
2648,1,#송천동
2649,1,#남편생일
2650,1,#해피벌쓰데이
2651,1,#뚜레주르
2652,1,#인스타생일
2653,4,#일상그램
2654,1,#파먹음
2655,1,#주의
2656,3,#베이킹스타그램
2657,1,#공룡케이크
2658,1,#공룡쿠키
2659,3,#새해
2660,1,#새벽
2661,1,#밤샘
2662,1,#재밋군
2663,2,#맛있어
2664,1,#베리굿
2665,2,#티라미스유
2666,1,#티라미수플레
2667,2,#tiramissyou
2668,1,#플레인티라미수플레
2669,1,#tiramisouffle
2670,1,#대구치즈케이크
2671,2,#대봉동카페
2672,2,#휴무
2673,2,#토요일
2674,2,#불토
2675,4,#나들이
2676,1,#관악구
2677,1,#신림동
2678,1,#신림카페
2679,1,#신림역카페
2680,1,#신림디저트카페
2681,1,#신림주문케이크
2682,1,#신림케이크
2683,1,#거제딸기케이크
2684,1,#녹는맛
2685,1,#코미호미
2686,1,#linda
2687,1,#노력하고있어요
2688,1,#어둠의자식
2689,1,#밖으로
2690,1,#와이프랑한잔
2691,1,#필라이트후레쉬
2692,1,#라면땅
2693,1,#납짝군만두
2694,1,#이브콘
2695,1,#파마넥스
2696,1,#유스스팬3
2697,1,#뉴스키너남편
2698,1,#여행작가
2699,1,#말레이시아
2700,1,#쿠알라룸푸르
2701,1,#kualalumpur
2702,2,#morningcoffee
2703,1,#travelwriter
2704,1,#womenwhotravel
2705,1,#saturdaymorning
2706,1,#카페헝키
2707,2,#홀케이크
2708,2,#눈사람
2709,1,#목화골
2710,1,#shanghaidisneyland
2711,1,#remy
2712,1,#pie
2713,1,#marvel
2714,1,#captainamerica
2715,1,#burger
2716,1,#frozen
2717,1,#show
2718,1,#SHDL
2719,1,#상하이
2720,1,#디즈니랜드
2721,2,#파이
2722,1,#햄버거
2723,1,#마블
2724,1,#홈쿡
2725,1,#암웨이요리
2726,1,#쉬운요리
2727,1,#쉬운베이킹
2728,4,#워킹맘
2729,1,#두딸맘
2730,1,#딸바보
2731,1,#대식가
2732,1,#행복그램
2733,1,#케이크덕후
2734,1,#암웨이
2735,2,#birthday
2736,1,#daughterlove
2737,1,#happy
2738,2,#치즈케이크브라우니아이스크림쿠키
2739,2,#치즈케익브라우니스쿱쿠키
2740,2,#레전설
2741,2,#다퍼드립니다
2742,2,#레전드
2743,2,#무조건쓸어가세요
2744,2,#역대급
2745,2,#노뜨흐프헹땅
2746,2,#조민아
2747,2,#이대
2748,2,#스쿱쿠키
2749,2,#아이스크림쿠키
2750,3,#cookies
2751,1,#icecreamcookie
2752,1,#송년회파티
2753,1,#신년회예약
2754,1,#남강마황오리
2755,3,#followme
2756,3,#follow4followback
2757,2,#좋튀
2758,2,#팔로우환영
2759,1,#첫줄반사
2760,3,#뇸뇸
2761,1,#오늘의먹방
2762,2,#포항카페
2763,1,#리페인트
2764,1,#repaint
2765,1,#리페인트카페
2766,1,#청진바다에이드
2767,1,#핑크선셋에이드
2768,1,#카페플러피
2769,9,#샤로수길카페
2770,2,#샤로수길맛집
2771,1,#아메리칸쿠키
2772,2,#브라우니맛집
2773,1,#파운드맛집
2774,1,#샤로수길파운드케이크
2775,1,#케이크예약주문
2776,1,#바닐라시럽
2777,1,#바리스타쿼카
2778,2,#마이디어스윗
2779,1,#카라멜산도
2780,4,#빵투어
2781,1,#캐러멜
2782,1,#견과류
2783,1,#리코타치즈
2784,1,#19살
2785,1,#고3
2786,1,#고등학생
2787,1,#만원동
2788,1,#망리단길
2789,1,#이름없는카페
2790,3,#망원동카페
2791,1,#예전사진
2792,1,#느낌
2793,1,#카페오레
2794,1,#사진스타스그램
2795,2,#dailygram
2796,1,#cafemood
2797,2,#mood
2798,1,#사계
2799,1,#제주사계카페
2800,1,#흑당버블티
2801,1,#시가라떼
2802,1,#쿠캣마켓
2803,1,#뉴욕치즈케이크딥디쉬피자
2804,1,#꿀
2805,9,#존맛
2806,1,#냉동식품
2807,1,#등산
2808,1,#식단관리
2809,1,#식단기록
2810,3,#음식
2811,2,#음식스타그램
2812,1,#음식사진
2813,1,#오븐
2814,1,#오븐요리
2815,1,#에어프라이어
2816,1,#에어프라이기
2817,1,#에어프라이어레시피
2818,2,#레시피
2819,2,#먹스타맞팔
2820,1,#위례스벅
2821,1,#라떼사랑
2822,1,#카스테라케이크
2823,1,#달달한게땡기네
2824,1,#잠시마실나옴
2825,1,#우리가족
2826,1,#4식구네
2827,1,#13개월
2828,1,#베이킹스튜디오
2829,1,#라두쎄
2830,1,#서초동
2831,1,#프렌치베이킹스튜디오
2832,1,#양재역
2833,1,#양재베이킹클래스
2834,1,#서초베이킹클래스
2835,1,#강남베이킹클래스
2836,2,#카페디저트
2837,1,#파티스리
2838,3,#제과
2839,1,#bakingstudio
2840,1,#atelierladouceur
2841,1,#p
2842,1,#pastryinspiration
2843,1,#케이크원데이클래스
2844,1,#치즈무스
2845,1,#전민동케이크
2846,1,#전민동마카롱
2847,1,#전민동주문케이크
2848,1,#케이크디자인
2849,1,#마카롱디자인
2850,1,#전민동하루하나
2851,1,#하루하나
2852,1,#전민동치
2853,1,#대전주문케이크
2854,2,#대전케이크
2855,1,#대전수제케이크
2856,1,#대전케이크맛집
2857,1,#대전마카롱맛집
2858,1,#커스텀케이크
2859,1,#백일케이크
2860,1,#첫돌케이크
2861,1,#유자청
2862,1,#고이아사
2863,6,#그런느낌
2864,3,#수완지구디저트카페
2865,3,#수완지구카페
2866,3,#광주스콘
2867,2,#광주딸기케이크
2868,1,#다랑쉬
2869,1,#다랑쉬카페
2870,1,#카페다랑쉬
2871,1,#darangshe
2872,1,#다랑쉬는날
2873,2,#카페경우
2874,1,#차맛이끝내줘요
2875,1,#오늘점심
2876,1,#농축원
2877,1,#발효차
2878,1,#청태전
2879,1,#강력추천
2880,1,#넘나행복한시간
2881,1,#신상맛집
2882,1,#해피해피
2883,1,#기분이가좋아요
2884,1,#엘리나맛집
2885,1,#엘리나디저트
2886,1,#엘먹고마시고기도하고사랑하라
2887,1,#약속
2888,1,#ellinasoeun
2889,1,#엘리나소은
2890,1,#소은이
2891,1,#goodluckEll
2892,1,#쿠키세트
2893,1,#슈톨렌택배
2894,4,#더블치즈케이크
2895,1,#구움과자주문
2896,1,#케이크선물
2897,1,#모멘토둘세
2898,1,#첨단치즈케이크
2899,1,#momentodulce
2900,1,#기분전환
2901,4,#selca
2902,1,#가족모임
2903,1,#바이나플라워
2904,1,#유니스의정원
2905,1,#식물원카페
2906,1,#디너
2907,2,#스테이크맛집
2908,1,#쉬림프로제파스타
2909,1,#jadore
2910,2,#샹들리에
2911,1,#ONE울산
2912,1,#코도반
2913,1,#애플워치스트랩
2914,3,#달콤커피
2915,1,#달콤커피송파하비오점
2916,3,#달콤커피시그니처메뉴
2917,3,#자몽주스
2918,3,#핫플카페
2919,3,#허니몽
2920,3,#싸패다
2921,3,#싸패다음료
2922,4,#흑임자라떼
2923,3,#공팔리터
2924,3,#08L
2925,1,#동물성생크림
2926,1,#딸기쇼트케이크
2927,1,#롱브레드
2928,1,#안목해변
2929,1,#베이크이삼공
2930,1,#베이크230
2931,1,#bake230
2932,2,#빵맛집
2933,1,#포레누아
2934,1,#초코무스
2935,1,#마늘바게트
2936,2,#동탄맛집
2937,2,#2동탄맛집
2938,1,#카림3차
2939,1,#산척동빵집
2940,1,#반도10차
2941,1,#바질듬뿍피자
2942,1,#수업풍경
2943,1,#샷츠베이킹
2944,1,#노원케이크
2945,1,#노원수제케이크
2946,1,#노원레터링케이크
2947,1,#수플레케이크
2948,1,#카라멜케이크
2949,1,#레몬파운드케이크
2950,1,#시즌케이크
2951,1,#크럼블
2952,1,#복숭아크럼블
2953,1,#노원예쁜카페
2954,2,#노원맛집
2955,1,#노원역카페
2956,1,#상계카페
2957,1,#노원시즌
2958,1,#카페시즌
2959,1,#cafeseason
2960,2,#관저동
2961,1,#빵앗간
2962,1,#깜짝오픈
2963,1,#신상
2964,1,#꾸덕하지만깔끔한
2965,1,#대존맛
2966,1,#진한녹차초코케이크
2967,1,#달구
2968,1,#고마워요
2969,1,#안다즈호텔
2970,1,#2호
2971,4,#필라델피아
2972,1,#퇴근후
2973,1,#집에오니
2974,1,#다듬어주신
2975,1,#울회장님
2976,1,#굿모닝
2977,1,#벤티
2978,1,#1000칼로리
2979,1,#광교카페
2980,1,#광교역카페
2981,1,#샹델
2982,1,#샹델커피
2983,1,#샹들리에카페
2984,1,#샹델카페
2985,1,#광교샹델
2986,3,#에멘탈치즈케이크
2987,1,#자매빵집
2988,3,#굽스타그램
2989,1,#빵돌이
2990,1,#예배
2991,1,#오늘만은
2992,1,#평화
2993,1,#peace
2994,1,#amen
2995,1,#헤븐온탑
2996,1,#클래식프로마쥬
2997,1,#밀리포글리에
2998,1,#아쌈밀크티
2999,1,#먹방투어
3000,1,#돼지스타그램
3001,2,#오늘뭐먹지
3002,1,#핵존맛
3003,1,#프로마쥬치즈케이크
3004,1,#김포공항맛집
3005,1,#김포공항롯데몰
3006,1,#김포공항롯데몰맛집
3007,1,#이태원
3008,1,#cafetape
3009,1,#Jesus
3010,1,#초원떡볶이
3011,3,#떡볶이
3012,1,#순대
3013,1,#dinner
3014,1,#메리마카롱레몬
3015,1,#yogurt
3016,1,#lemon
3017,1,#레몬
3018,2,#요거프레소
3019,1,#요거프레소중대점
3020,1,#중앙대학교
3021,1,#중앙대
3022,1,#예수님
3023,1,#서윤지원
3024,1,#히트텍
3025,2,#맨투맨
3026,1,#양말
3027,1,#롯데백화점
3028,1,#폴바셋
3029,1,#이철헤어커커
3030,1,#마끼에
3031,1,#부평동
3032,1,#라토커피제주점
3033,1,#제주라토커피
3034,1,#제주주문케이크
3035,1,#제주카페투어
3036,1,#꾸덕
3037,1,#주문
3038,1,#예약
3039,2,#jejudo
3040,1,#jejuisland
3041,2,#로라네방앗간
3042,2,#로라스밀
3043,1,#대전디저트
3044,1,#타르트맛집
3045,2,#대전핫플
3046,1,#대전타르트
3047,2,#도안동카페
3048,1,#도안동맛집
3049,3,#관저동카페
3050,1,#관저동맛집
3051,2,#가수원동카페
3052,2,#목원대맛집
3053,2,#충대맛집
3054,2,#카이스트맛집
3055,1,#유성맛집
3056,1,#죽동카페
3057,1,#cafeobsessed
3058,1,#ulsancafe
3059,1,#igloo
3060,1,#penguin
3061,1,#passionfruit
3062,1,#카페스터그램
3063,2,#외국인
3064,1,#forumdear
3065,1,#forumdearcafe
3066,1,#포럼디얼
3067,1,#빵집개업
3068,1,#대박나자
3069,1,#대학친구들모임
3070,1,#휘앙시에
3071,1,#맛난커피
3072,1,#응원해
3073,1,#친구야
3074,1,#카페동경
3075,1,#펌프
3076,1,#동래
3077,1,#골드스푼
3078,3,#망년회
3079,1,#동래맛집
3080,1,#동래디저트추천
3081,1,#시즈널후르츠
3082,1,#짱맛
3083,1,#굿굿
3084,1,#동래디저트
3085,1,#초코브라우니설빙
3086,1,#오레오초코설빙
3087,1,#민트초코설빙
3088,1,#초코범벅
3089,3,#오레오
3090,1,#잔뜩
3091,1,#가성비
3092,2,#최고
3093,1,#초코는
3094,1,#코이요
3095,1,#모듬초밥
3096,2,#새우튀김
3097,1,#호롱커피
3098,1,#딸기크레이프
3099,2,#엽기떡볶이
3100,1,#땅땅치킨
3101,1,#족발
3102,1,#허파
3103,6,#2019
3104,1,#제주시청
3105,1,#제주앨리스
3106,2,#녹차치즈케익빙수
3107,1,#앨리스빙수
3108,1,#먹고먹고또먹고
3109,1,#오사카맛집
3110,1,#리크로오지상
3111,1,#행복한시간
3112,1,#크리스마스한정판
3113,2,#산타할아버지
3114,1,#카페종점
3115,1,#통영
3116,1,#드라이브코스
3117,1,#통영카페
3118,1,#통영여행
3119,1,#산양읍카페
3120,1,#산양면카페
3121,1,#통영종점
3122,2,#블루베리케이크
3123,2,#더블프로마쥬
3124,1,#케이크주문가능
3125,1,#다쿠롱
3126,1,#통영유자
3127,1,#대추차
3128,1,#늦게까지하는카페
3129,1,#나들이하기좋은곳
3130,1,#야간카페
3131,1,#대형트리설치
3132,1,#주말전에
3133,1,#주말나들이오세요
3134,1,#증명사진
3135,1,#한달전
3136,1,#결혼식다녀와서
3137,1,#커피전문점
3138,1,#신랑이랑데이트
3139,2,#수성구
3140,1,#시지카페
3141,1,#수성못
3142,1,#취미생활
3143,1,#신혼부부
3144,1,#신매카페
3145,1,#로망마카롱
3146,1,#마늘스콘
3147,1,#주말엔
3148,1,#몽슈
3149,1,#카페몽슈
3150,1,#티그레
3151,1,#갈레트
3152,1,#도안동
3153,1,#르꼬르동블루
3154,1,#블루베리마카롱
3155,1,#세바롬색소
3156,1,#프렌치머랭
3157,1,#이탈리안머랭
3158,1,#피에르에르메
3159,1,#color
3160,1,#lecordonbleu
3161,1,#아나덴안산
3162,1,#감사한하루
3163,3,#소확행
3164,2,#나
3165,1,#안산왁싱
3166,1,#안산필라테스
3167,1,#안산요가
3168,1,#안산속눈썹
3169,1,#안산반영구
3170,1,#안산네일
3171,1,#안산미용실
3172,1,#안산피부과
3173,1,#안산성형외과
3174,1,#안산타투
3175,1,#안산제모
3176,1,#chiangmai
3177,1,#chaingmaicafe
3178,1,#치앙마이
3179,1,#치앙마이카페
3180,1,#치앙마이맛집
3181,5,#누트
3182,5,#카페누트
3183,5,#전하동카페
3184,5,#일산지카페
3185,5,#울산동구카페
3186,5,#울산커피맛집
3187,5,#울산커피
3188,5,#전하동맛집
3189,5,#울산동구맛집
3190,5,#일산지맛집
3191,6,#울산가볼만한곳
3192,6,#울산데이트
3193,6,#울산핫플
3194,3,#자몽치즈케이크
3195,2,#쇼콜라
3196,2,#기네스쇼콜라
3197,1,#알프스
3198,1,#젤라티젤라티
3199,1,#민초
3200,2,#피스타치오
3201,2,#신사카페
3202,1,#홀케이크주문
3203,1,#크리스마스시즌
3204,2,#마지막
3205,1,#친구네집
3206,1,#잠자기
3207,2,#만두
3208,1,#김밥
3209,1,#유부초밥
3210,2,#뿌링클
3211,1,#피방
3212,1,#거의
3213,1,#3시간동안
3214,2,#아이스크림
3215,1,#야식먹기
3216,1,#새벽탈출
3217,1,#도로에서사진찍기
3218,1,#성공
3219,1,#개웃겨
3220,2,#17
3221,3,#친구스타그램
3222,1,#겨울제주도
3223,1,#겨울제주
3224,1,#겨울여행
3225,1,#제주하멜치즈몽
3226,1,#제주하멜
3227,2,#존맛탱구리
3228,1,#치즈케잌
3229,1,#cheezecake
3230,1,#cheeze
3231,2,#life
3232,1,#조아요
3233,1,#쿨치즈
3234,1,#풍산역근처
3235,1,#풍산역근처카페
3236,1,#풍산역카페추천
3237,1,#풍산역디저트
3238,1,#풍산역카페
3239,1,#일산치즈케익
3240,1,#치즈케이크추천
3241,1,#일산치즈케이크
3242,1,#일산선물세트
3243,1,#일산케이터링
3244,1,#일산답례품
3245,1,#일산선물포장
3246,1,#일산선물
3247,1,#파주답례품
3248,1,#파주선물포장
3249,1,#실버라이닝커피로스터스
3250,1,#월요일에만
3251,1,#딸기제철
3252,3,#핸드드립맛집
3253,3,#삼산
3254,3,#달동핫플
3255,4,#삼산카페
3256,4,#울산디저트
3257,3,#울산갈만한곳
3258,3,#헤이스티브
3259,1,#레몬마들렌
3260,1,#일본치즈케이크
3261,3,#인스타
3262,1,#수미야
3263,1,#머그비스트로
3264,1,#콘데사
3265,1,#멕시코시티
3266,1,#japanesecake
3267,1,#postrecito
3268,1,#esponjocito
3269,1,#너무맛이당
3270,1,#mogbistro
3271,1,#cdmx
3272,1,#mexicocity
3273,1,#sumiya
3274,1,#japaneserestaurant
3275,1,#오지힐
3276,1,#오지힐한남
3277,2,#한남동
3278,2,#한남동카페
3279,1,#한남동맛집
3280,1,#연말모임
3281,2,#빵먹
3282,1,#마지막일요일
3283,1,#새해복많이받으세요
3284,4,#분위기맛집
3285,1,#록시드갸토
3286,1,#공업탑카페
3287,1,#울산대공원카페
3288,2,#가을녘
3289,2,#냠스타
3290,2,#냠냠냠
3291,2,#식폭행
3292,2,#팔로우해요
3293,2,#맞팔선팔환영
3294,2,#야식추천
3295,2,#냠스타그램
3296,2,#팔로우늘리기
3297,1,#경상대카페
3298,1,#경상대맛집
3299,2,#쿠키맛집
3300,1,#어느날의
3301,1,#시그너스커피
3302,1,#시그너스커피바
3303,1,#빵지먹투어
3304,1,#신정동카페
3305,1,#신정동맛집
3306,1,#달동맛집
3307,1,#달동카페
3308,7,#스템스커피
3309,7,#stemscoffee
3310,7,#듁스커피
3311,7,#dukescoffee
3312,7,#무스
3313,7,#딸기무스
3314,7,#바닐라빈치즈무스
3315,7,#김해여행
3316,7,#김해
3317,7,#수로왕릉
3318,7,#돌담길
3319,1,#카페네몽
3320,1,#스타필드
3321,1,#쉬어가기
3322,1,#아아한잔
3323,1,#뜨아한잔
3324,1,#히스테리
3325,1,#쏘리
3326,1,#조아
3327,1,#은행골
3328,2,#초밥
3329,1,#보기와다르게
3330,1,#모르고들어간맛집
3331,1,#요요
3332,1,#안오게해주세요
3333,1,#내친구
3334,1,#스릉흔드
3335,2,#뉴욕카푸치노
3336,1,#헤르아
3337,1,#당근크림치즈케이크
3338,1,#모카치즈케이크
3339,1,#주말스타그램
3340,1,#남친아버님생신
3341,1,#저녁상
3342,1,#생일상
3343,1,#과메기
3344,1,#육회
3345,1,#가리비찜
3346,1,#잡채
3347,1,#쪽갈비찜
3348,1,#예비형님과
3349,1,#예비시부모님과함께
3350,1,#ncnp
3351,1,#만성리해수욕장
3352,1,#여수카페
3353,1,#갬성사진
3354,1,#갬성스타그램
3355,2,#abeki
3356,1,#아베키치즈케이크
3357,2,#후쿠오카맛집
3358,1,#야쿠인
3359,1,#야쿠인카페
3360,1,#야쿠인맛집
3361,1,#음스타그램
3362,1,#mondialkaffee328
3363,1,#얼카
3364,1,#겨울옷
3365,1,#outfit
3366,2,#불금
3367,2,#카페담백
3368,2,#dambake
3369,2,#담백
3370,2,#노버터디저트
3371,2,#노버터
3372,2,#노버터스콘
3373,2,#식사대용
3374,2,#아차산역카페
3375,2,#아차산카페
3376,2,#중곡동맛집
3377,2,#중곡동카페
3378,2,#광진구카페
3379,2,#군자카페
3380,2,#노버터케이크
3381,2,#쉬폰케이크
3382,2,#흑임자치즈케이크
3383,2,#미니밤호박
3384,1,#아차산맛집
3385,1,#렛미히얼
3386,1,#빛날
3387,1,#펌킨치즈
3388,1,#딸기치즈
3389,1,#그래스하퍼베이크샵
3390,1,#grasshopperbakeshop
3391,1,#소고기전골
3392,2,#감바스
3393,1,#고기말이
3394,1,#치킨
3395,2,#크럼브
3396,1,#끝
3397,1,#토푸
3398,1,#앵두전구
3399,1,#내년에도부탁해
3400,1,#커플
3401,1,#2019크리스마스
3402,1,#올해도
3403,2,#멜크
3404,1,#도미니
3405,1,#올스커피
3406,1,#여주카페추천
3407,2,#두남자
3408,2,#두남자카페
3409,2,#두남자cafe
3410,2,#정발산동카페
3411,2,#정발산동
3412,2,#sca
3413,2,#바리스타
3414,2,#유자마들렌
3415,2,#쇼콜라마들렌
3416,2,#고르곤졸라휘낭시에
3417,2,#얼그레이휘낭시에
3418,1,#마포
3419,1,#상수
3420,5,#강남
3421,1,#센트럴시티
3422,1,#상수동맛집
3423,1,#상수동인생빵집
3424,1,#폴310
3425,1,#paul310
3426,1,#카스티야
3427,1,#카스테라
3428,1,#폴식빵
3429,1,#페이스트리
3430,1,#당일예약
3431,1,#디엠
3432,1,#다이렉트
3433,1,#김포
3434,1,#김포한강신도시
3435,1,#오라모멘토
3436,1,#운유산
3437,1,#운유산카페
3438,1,#마산동
3439,1,#마산동카페
3440,1,#김포카페
3441,2,#베이커리카페
3442,1,#디져트카페
3443,1,#일상소통
3444,1,#운양동
3445,1,#장기동
3446,1,#구래동
3447,1,#석모리
3448,1,#풍무동
3449,1,#사우동
3450,1,#감정동
3451,1,#북변동
3452,1,#몽도르카페
3453,1,#뷰깡패
3454,1,#순식간에
3455,1,#뚝딱
3456,1,#핵맛
3457,1,#언양
3458,1,#본치즈어리
3459,1,#20191214
3460,1,#주말근무
3461,4,#파주
3462,1,#아이폰11프로
3463,1,#dirtytrunk
3464,1,#더티트렁크
3465,2,#파주카페
3466,1,#스퀘어루트
3467,1,#크기보고놀람
3468,1,#맛짱
3469,1,#뷰짱
3470,1,#커피맛짱
3471,1,#롱브르378
3472,1,#하트케이크
3473,1,#변신은무죄
3474,1,#송리단길케이크
3475,1,#송파케이크
3476,1,#송리단길베이커리
3477,6,#송파카페
3478,1,#연말케이크
3479,2,#하와이여행
3480,2,#와이키키
3481,1,#뉴욕스테이크
3482,1,#광안리카페추천
3483,1,#피크닉
3484,1,#피크닉카페
3485,1,#매실에이드
3486,1,#시바견카페
3487,1,#댕댕이그램
3488,1,#희귀템
3489,1,#수세미
3490,1,#ALAND
3491,1,#wonderpress
3492,1,#베질루르
3493,1,#마카롱케이크
3494,1,#워터탱크
3495,1,#파티의정석
3496,1,#삼겹살
3497,1,#돼지고기김치찌개
3498,1,#빠지면섭하지
3499,3,#루돌프
3500,2,#올라프
3501,1,#컨셉사진
3502,1,#랜덤
3503,1,#너무좋아
3504,1,#이쁘다
3505,1,#키에리
3506,1,#커피랭
3507,1,#문정역카페
3508,1,#문정카페
3509,1,#엠스테이트카페
3510,1,#엠스테이트
3511,2,#아메리카노맛집
3512,4,#크림치즈
3513,1,#시나몬
3514,2,#필라델피아큐브치즈케이크
3515,1,#큐브치즈케이크
3516,1,#ad
3517,2,#마켓프라이데이
3518,1,#파티
3519,1,#와인파티
3520,2,#협찬
3521,1,#오늘뉴디
3522,1,#초코바나나푸딩
3523,1,#더블다크초콜릿칩쿠키
3524,5,#월간상회
3525,5,#12월의월간이들
3526,5,#낙성대역카페
3527,5,#샤로수길
3528,5,#서울대입구
3529,5,#팔로워
3530,1,#Signature1
3531,1,#동탄역맛집
3532,1,#동탄2맛집
3533,1,#2동탄카페
3534,1,#동탄2
3535,1,#동탄역
3536,2,#동탄2신도시
3537,1,#동탄커피맛집
3538,1,#specialty
3539,1,#조양방직
3540,1,#강화도
3541,1,#딸기바나나
3542,1,#vintage
3543,1,#vintagecafe
3544,1,#v40
3545,1,#hineidou
3546,5,#basquecheesecake
3547,3,#ig
3548,1,#coffeeshop
3549,1,#자유인들
3550,1,#상수자유인들
3551,2,#상수카페
3552,2,#상수맛집
3553,1,#아지트카페
3554,1,#아인슈페너맛집
3555,1,#비엔나커피맛집
3556,1,#대관카페
3557,1,#가오픈
3558,1,#단골손님
3559,2,#직접
3560,1,#엄빠
3561,1,#룸곡옾눞
3562,1,#딸기요거트스무디
3563,1,#품절
3564,1,#너무
3565,1,#죄송합니다
3566,1,#단골
3567,1,#하루한끼
3568,1,#엄마밥
3569,1,#3그릇
3570,1,#맛남살롱
3571,2,#크림
3572,1,#쿠폰
3573,2,#부천맛집
3574,1,#중동카페
3575,1,#상동카페
3576,1,#부천시청역카페
3577,1,#부천시청역맛집
3578,1,#czech
3579,1,#frydekmistek
3580,1,#프리덱미스텍
3581,1,#체코카페
3582,1,#czechcafe
3583,1,#bakeandcup
3584,1,#베이크앤컵
3585,1,#오스트라바
3586,1,#오스트라바카페
3587,1,#ostrava
3588,1,#ostravacafe
3589,1,#dort
3590,1,#kavarna
3591,1,#narozeniny
3592,1,#narozeninovydort
3593,1,#삼미식당
3594,1,#크라프트카페
3595,1,#잘돼가무엇이든
3596,1,#마시멜로우
3597,1,#마지막은
3598,1,#못생긴조씨
3599,1,#사장님
3600,1,#센세이션
3601,1,#프로그레시브
3602,1,#싱물원
3603,1,#꺄악
3604,1,#시험기간
3605,1,#사랑합니다
3606,1,#올만에
3607,1,#업뎃
3608,1,#까사미아
3609,1,#테이블
3610,1,#예뻐
3611,1,#녹사평카페추천
3612,1,#이태원카페추천
3613,1,#녹사다리
3614,1,#벨지움핫쵸코
3615,1,#아이스라떼
3616,1,#이쁜
3617,1,#찻잔
3618,1,#포크
3619,1,#티스푼
3620,1,#티파니느낌색감
3621,1,#itaewoncafe
3622,1,#noksadari
3623,1,#cozy
3624,1,#icedlatte
3625,1,#goodplace
3626,1,#wannagoback
3627,1,#goodtime
3628,1,#카투
3629,1,#와인바
3630,1,#신당동카페
3631,1,#신당역카페
3632,1,#두두투어
3633,1,#카페아포테케리
3634,1,#동대문카페
3635,1,#kafe
3636,1,#밀브레드
3637,1,#건강빵
3638,1,#유기농빵
3639,1,#서초빵집
3640,1,#서울빵집
3641,1,#서초구카페
3642,1,#베이크드치즈케이크
3643,1,#쿠오에스프레소
3644,1,#양재역카페
3645,2,#양재카페
3646,1,#양재동카페
3647,1,#서초동카페
3648,1,#서초카페
3649,1,#도곡동카페
3650,1,#도곡카페
3651,1,#시바치크케이크
3652,1,#카린카페
3653,1,#선글라스
3654,1,#매장
3655,1,#포토존
3656,1,#영도
3657,1,#handdripcoffee
3658,1,#dripcoffee
3659,1,#homecafe
3660,1,#커피사랑
3661,2,#익스큐즈미
3662,1,#크리스마스분위기
3663,1,#젖소
3664,1,#우유주기체험
3665,1,#동물농장
3666,1,#구경
3667,2,#냠
3668,1,#아침미소목장
3669,1,#성이시돌목장
3670,1,#반여동맛집
3671,1,#반여동카페
3672,1,#피칸사블레
3673,1,#사블레
3674,1,#프레첼
3675,1,#유기농
3676,1,#발로나초코
3677,1,#허스키컵
3678,1,#huskeecup
3679,1,#친환경
3680,1,#오레오치즈케이크
3681,1,#cafecour
3682,1,#맛있는
3683,2,#커피꽃내음
3684,1,#일산커피맛집
3685,1,#브루윙커피
3686,1,#원두주문예약판매
3687,2,#드립백
3688,1,#커피드립백
3689,1,#커피전문
3690,1,#손수만드는디저트
3691,1,#드립원데이클래스
3692,1,#커피수업
3693,1,#디카페인콜드브루
3694,1,#착즙생과일주스
3695,1,#미노스커피
3696,1,#미노스커피컬트
3697,1,#서비스
3698,1,#고양이카페
3699,1,#필라델피아크림치즈
3700,1,#제품제공
3701,1,#타르티나
3702,1,#동탄디저트
3703,1,#크림롤케이크
3704,1,#베리롤케이크
3705,1,#영월
3706,1,#영월카페
3707,1,#카페느리게
3708,1,#보리당고
3709,1,#초코밀크
3710,1,#쿠앤크케이크
3711,1,#달
3712,1,#청령포
3713,3,#아들스타그램
3714,1,#하루의마무리
3715,1,#닌텐도
3716,1,#주말순삭
3717,1,#내일출근
3718,1,#제주도민
3719,2,#제주커피맛집
3720,2,#제주카페추천
3721,1,#제주서쪽맛집
3722,1,#하소로커피
3723,1,#로스팅
3724,1,#브루잉커피
3725,1,#icecreamcookies
3726,1,#밀희
3727,2,#동구
3728,1,#율하동로
3729,1,#신기동
3730,1,#미스터카페
3731,1,#사림동카페
3732,1,#창원대카페
3733,1,#창원디저트카페
3734,1,#창원케이크
3735,2,#진해카페
3736,1,#달달프로젝트
3737,1,#다시시작된먹스타그램
3738,1,#임진각
3739,1,#장어구이
3740,1,#메기매운탕
3741,1,#빵만들기
3742,1,#제과제빵
3743,1,#오늘의경우
3744,1,#오늘의경우는이렇습니다
3745,1,#백두산
3746,1,#영화
3747,1,#지느러미바
3748,1,#모히또
3749,2,#파스타
3750,2,#신촌카페
3751,1,#신촌
3752,1,#에이투지카페
3753,1,#신촌카페맛집
3754,1,#오랜만에외출
3755,1,#roomservice
3756,1,#cafeclassic
3757,1,#classichakodate
3758,1,#december
3759,1,#대연카페
3760,1,#카페이마리
3761,1,#모나카
3762,1,#먹계정
3763,1,#먹계
3764,1,#dailyfood
3765,2,#잠실카페
3766,1,#파티세리도효
3767,1,#아포가토그린
3768,1,#너무됴아
3769,1,#새벽세시
3770,2,#야식
3771,1,#벌써며칠째
3772,1,#오늘부터
3773,1,#좋은습관만들기
3774,1,#나와의약속
3775,1,#남편이자꾸사다줌
3776,1,#차돌박이스파게티
3777,1,#랍스타버터구이
3778,1,#비트무피클
3779,1,#비피더스
3780,1,#상주중
3781,1,#상주중학교
3782,1,#남해
3783,1,#중학교급식
3784,1,#공덕카페
3785,1,#공덕역카페
3786,1,#ruar
3787,1,#루아르
3788,2,#루아르커피바
3789,1,#2019년안녕
3790,1,#디데이4일전
3791,1,#인천터미널카페
3792,1,#복고풍로맨스
3793,1,#커피인구
3794,6,#coffeetime
3795,1,#오렌지크럼블
3796,1,#france
3797,1,#paris
3798,1,#프랑스
3799,1,#파리
3800,1,#boulangerie
3801,1,#parisrestaurant
3802,1,#chessecake
3803,1,#아꼬떼뒤파크
3804,1,#아꼬떼
3805,1,#컬리
3806,1,#marketkurly
3807,1,#maldonsalt
3808,1,#mayplesyrup
3809,1,#배달케이크
3810,1,#acoteduparc
3811,1,#pairing
3812,3,#chocolate
3813,1,#sliceofcake
3814,1,#foodpics
3815,1,#foodblogger
3816,1,#desserttable
3817,1,#cakesofinstagram
3818,3,#desserts
3819,1,#tubaeats
3820,1,#신사맛집추천
3821,1,#입구정
3822,1,#감성식당
3823,1,#카페준
3824,4,#이쁜카페
3825,1,#미리크리스마스
3826,1,#조리퐁스무디
3827,1,#내스타일
3828,1,#윈드커피
3829,1,#windcoffee
3830,1,#동백호수공원
3831,1,#동백카페
3832,1,#기대했던만큼
3833,1,#다음엔
3834,1,#아메리카노랑
3835,1,#먹어야지
3836,1,#브레라
3837,1,#남산미수
3838,2,#성곽길맛집
3839,1,#주말엔대기가길어요
3840,1,#퍼셉션
3841,1,#합정카페
3842,1,#어제SOLDOUT붙여놓고오늘떼어놓는걸까먹음
3843,2,#브리스크커피바
3844,1,#브리스크
3845,1,#briskcoffeebar
3846,1,#당진
3847,2,#당진카페
3848,1,#당진디저트
3849,2,#당진여행
3850,1,#아미미술관
3851,1,#아그로랜드
3852,1,#신리성지
3853,1,#삽교호함상공원
3854,1,#당진샐러드
3855,1,#salad
3856,1,#당진샌드위치
3857,1,#반미샌드위치
3858,1,#베트남샌드위치
3859,1,#샌드위치맛집
3860,1,#수제리코타치즈
3861,1,#콥샐러드
3862,1,#피칸파이
3863,1,#번트치즈케이크
3864,1,#jmtgr
3865,2,#몽주아
3866,2,#선물세트
3867,2,#안동
3868,2,#안동맛집
3869,2,#안동빵집
3870,2,#안동디저트
3871,2,#파티시에
3872,2,#크리스마스예약
3873,2,#기와온담빵
3874,2,#스콘앙버터
3875,1,#커피타임
3876,1,#솔로스타그램
3877,1,#난나와연애한다
3878,1,#눈누난나
3879,1,#베스킨라빈스케이크
3880,1,#던킨도너츠키켓케이크
3881,1,#케이크뿌시기
3882,1,#크리스마스이브는
3883,1,#칭구와함께
3884,1,#다리는다쳤지만
3885,1,#빨리나아라얍
3886,1,#혈당올라가는소리
3887,1,#태안
3888,1,#꽃지해수욕장
3889,1,#카페델마
3890,2,#바다
3891,1,#휴무공지
3892,1,#감성샷
3893,1,#꽃길다방
3894,1,#카페부곡
3895,1,#프리미엄생딸기설빙
3896,1,#인절미토스트
3897,1,#빙수
3898,1,#sulbing
3899,1,#상계
3900,1,#상계맛집
3901,1,#연유
3902,2,#촉촉초코케이크
3903,2,#커피와글
3904,2,#위례신도시
3905,2,#위례카페
3906,2,#위례케이크
3907,1,#성남카페
3908,2,#딸기크로아상
3909,1,#앙버터다쿠아즈
3910,1,#딸기크림치즈다쿠아즈
3911,1,#로데오
3912,1,#calamari
3913,1,#friedcalamari
3914,1,#pasta
3915,2,#hawaii
3916,1,#깔라마리
3917,1,#카페홀맄
3918,1,#홀맄
3919,1,#홀맄커피컴퍼니
3920,2,#행궁동카페
3921,1,#flatwhite
3922,1,#애플시나몬티
3923,1,#로드버가모트
3924,1,#솔티드캬라멜케이크
3925,1,#바닐라타르트
3926,2,#photooftheday
3927,1,#사워크림치즈케이크
3928,1,#웰스프링
3929,1,#wellspring
3930,1,#마르지않는샘
3931,1,#카페웰스프링
3932,1,#신세게백화점
3933,2,#본점
3934,2,#베키아에누보
3935,1,#만취
3936,1,#술톤
3937,1,#간때문이야
3938,1,#죽여줘
3939,1,#생일축하
3940,1,#좋아
3941,1,#자매
3942,1,#자매스타그램
3943,1,#25번째생일
3944,1,#소형투어
3945,2,#성공적
3946,1,#KOHNK
3947,1,#오리지널라떼
3948,1,#어텀티
3949,1,#KYERI
3950,1,#이제자야지
3951,1,#나카자키쵸
3952,1,#일본카페투어
3953,1,#카페샷
3954,1,#카페충
3955,1,#갬성카페
3956,1,#드라이플라워
3957,1,#꽃카페
3958,1,#익스큐즈미카페
3959,1,#마곡
3960,1,#마곡나루역카페
3961,1,#우정스타그램
3962,4,#셀카그램
3963,1,#셀카어플
3964,1,#뜨아
3965,1,#excusemecafe
3966,1,#광화문살롱
3967,2,#selstagram
3968,1,#김재환콘서트
3969,1,#보고나서
3970,1,#간단하게
3971,1,#저녁
3972,1,#앤드
3973,1,#구디
3974,1,#구디맛집
3975,1,#누나홀닭
3976,1,#지로
3977,1,#나도
3978,1,#민증검사
3979,1,#해주세요
3980,1,#불당동카페
3981,1,#유얼스
3982,3,#객리단길
3983,1,#happyday
3984,1,#레알개꿀맛
3985,1,#아차산역맛집
3986,1,#굿바이2019
3987,1,#헬로2020
3988,2,#인계동카페
3989,1,#시바케이크
3990,2,#포항
3991,1,#구룡포
3992,1,#구룡포근대문화역사거리
3993,1,#구룡포일본인가옥거리
3994,1,#까멜리아
3995,1,#이후로
3996,1,#둘이
3997,1,#오랜만
3998,1,#한줄요약
3999,1,#동백이
4000,1,#어디
4001,1,#나는
4002,1,#누구
4003,1,#24살
4004,1,#종강여행
4005,1,#더헤이븐포항
4006,1,#havenbeach
4007,2,#191227
4008,1,#동해
4009,1,#평릉동
4010,1,#동해카페
4011,2,#레드벨벳
4012,1,#스모어쿠키
4013,1,#동해여행
4014,1,#강릉여행
4015,1,#레몬위크엔드
4016,1,#또
4017,1,#카페윤
4018,2,#뷰맛집
4019,1,#밤이라
4020,1,#깜깜
4021,1,#아메
4022,2,#민트티
4023,2,#드라이브
4024,1,#밤마실
4025,2,#야경
4026,2,#좋아요그램
4027,1,#삐약밍구
4028,1,#청포도에이드
4029,1,#3CE
4030,1,#입생로랑쿠션
4031,1,#양재
4032,1,#단호하게
4033,1,#단호박라떼
4034,2,#미드나잇
4035,1,#아워
4036,1,#졸귀탱
4037,1,#봉천동케이크
4038,1,#봉천동빵집
4039,1,#서울대입구케이크맛집
4040,1,#샤로수길케이크
4041,1,#뉴욕택시디저트
4042,1,#뉴욕디저트
4043,1,#크리스마스케이크예약
4044,2,#형제
4045,1,#보고싶은내새끼들
4046,1,#쫌만기달려
4047,1,#승재승우사랑해
4048,1,#천방지축
4049,1,#감당안되요
4050,1,#삼형제
4051,1,#승승형제
4052,1,#승쓰리
4053,1,#조리원천국
4054,1,#얼마안남았다
4055,1,#산후조리중
4056,1,#마지막이야
4057,3,#파스쿠찌
4058,2,#자색고구마라떼
4059,1,#상대동맛집
4060,1,#봉명동맛집
4061,1,#대전핸드드립
4062,1,#대흥동카페
4063,1,#소제동카페
4064,1,#장대동맛집
4065,1,#갈마동카페
4066,1,#월평동카페
4067,1,#둔산동맛집
4068,1,#갈마동맛집
4069,1,#자르트
4070,1,#icedcoffee
4071,1,#혼자카페
4072,2,#직장인스타그램
4073,1,#마지막휴일
4074,1,#빠이빠이
4075,1,#쵸콜릿케이크
4076,1,#고구마케이크
4077,2,#쌀케이크
4078,1,#현미케이크
4079,1,#100
4080,1,#우리농산물
4081,1,#국내산쌀
4082,1,#우유생크림케이크
4083,1,#홍윤베이커리
4084,1,#조촐한
4085,1,#2019크리스마스기록
4086,1,#레몬보드카
4087,1,#바질페스토파스타
4088,1,#데리야끼닭꼬치
4089,1,#양배추샐러드
4090,1,#빅스타피자
4091,1,#시카고치즈피자
4092,2,#러브액츄얼리
4093,1,#여수미용학원
4094,1,#여수미용학원추천
4095,1,#여수미용학원대표
4096,1,#여수미용학원하면
4097,1,#아뜰리에미용학원
4098,1,#아뜰리에뷰티아카데미여수캠퍼스
4099,1,#메이크업
4100,1,#네일아트
4101,1,#피부
4102,1,#헤어
4103,1,#국가자격증
4104,1,#왁싱
4105,1,#속눈썹
4106,1,#우리의
4107,1,#감사해요
4108,1,#atelier
4109,1,#달콤커피르네상스사거리점
4110,2,#노츠커피
4111,1,#삼산동카페
4112,1,#울산남구카페
4113,2,#아이폰xs
4114,1,#라헬의부엌광명점
4115,1,#특별한날
4116,1,#겨울부엌
4117,1,#광명맛집
4118,1,#광명디저트카페
4119,1,#소하동카페
4120,1,#소하동맛집
4121,1,#수플레맛집
4122,1,#광명수플레
4123,1,#광명핫플
4124,1,#이케아
4125,1,#소하동
4126,1,#marrychristmas
4127,1,#커피는빠질수없지
4128,1,#백만년만의건대
4129,1,#엄마들수다타임
4130,1,#비엔나라떼
4131,2,#로투스라떼
4132,1,#퇴임식
4133,1,#퇴임선물
4134,1,#대구마카롱
4135,1,#기념일선물
4136,2,#단호박케이크
4137,1,#자몽
4138,1,#기업행사케이크
4139,1,#송년회선물
4140,1,#기업행사
4141,1,#워크샵선물
4142,1,#신년회선물
4143,1,#감사선물
4144,1,#온더스위치
4145,1,#커퓌한잔
4146,1,#여봉쓰랑
4147,1,#심슨
4148,1,#일요일오후
4149,1,#애플크럼블
4150,1,#레드벨벗케이크
4151,1,#핸즈커피
4152,1,#큐브라떼
4153,1,#오너먼트
4154,1,#디저트투어
4155,1,#하은이그램
4156,1,#수다쟁이
4157,1,#엄마껌딱지
4158,1,#하은별하우스
4159,1,#나스파
4160,1,#나스파플레이하우스
4161,1,#아이방꾸미기
4162,1,#내돈주고산나스파
4163,1,#리얼후기
4164,1,#초글
4165,1,#관평동캔들
4166,1,#관평동캔들공방
4167,1,#대전공방
4168,1,#유성캔들
4169,1,#유성캔들공방
4170,1,#세종캔들
4171,1,#청주캔들
4172,1,#충남캔들
4173,1,#충남캔들공방
4174,1,#루돌프캔들
4175,1,#크리스마스캔들
4176,1,#공방체험
4177,1,#커플데이트
4178,1,#성인취미
4179,1,#직장인취미
4180,1,#캔들선물세트
4181,1,#와인한잔
4182,1,#봉선동
4183,1,#피노누아
4184,1,#피노누아와인
4185,1,#독일와인
4186,1,#슈페트부르군더
4187,1,#브뤼더닥터베커
4188,1,#organicwine
4189,1,#ecovin
4190,1,#gateauaufromage
4191,2,#연휴
4192,1,#애견미용사일상
4193,2,#가족스타그램
4194,1,#애견미용스타그램
4195,1,#반려견스타그램
4196,1,#독스타그램
4197,1,#멍스타그램
4198,1,#출장애견미용
4199,1,#유라이크
4200,1,#크리스마스필터
4201,1,#산타모자
4202,1,#방어회
4203,1,#우럭회
4204,1,#게튀김
4205,1,#진한
4206,1,#저도
4207,1,#생크림이
4208,1,#땅이
4209,1,#차분하고
4210,1,#뉴욕치즈케익
4211,1,#주문제작케이크
4212,1,#강동구케이크
4213,1,#특별한케이크
4214,1,#하남시케이크
4215,1,#송파구케이크
4216,1,#케이크는고고케이크
4217,1,#고고케이크
4218,1,#나카무라아카데미
4219,1,#파티세리
4220,1,#첨단
4221,1,#제리
4222,1,#슈며들다
4223,1,#자취남요리
4224,1,#티본스테이크맛집
4225,1,#한우원쁠
4226,1,#비싸니까맛있지
4227,1,#미디엄레어가진리
4228,1,#후식도야무지게
4229,1,#옐로팩토리
4230,1,#Busan
4231,1,#sirone
4232,1,#노원구카페
4233,1,#경춘선숲길
4234,1,#경춘선숲길카페
4235,1,#노원구맛집
4236,1,#쿠키포장
4237,1,#엔틱카페
4238,1,#앤디워홀
4239,1,#13개월아기
4240,1,#파바
4241,1,#코발트무드
4242,1,#마산커피
4243,1,#창원커피
4244,1,#댓거리커피
4245,1,#문화동커피
4246,1,#애딕트
4247,1,#블루오션안데스핑크솔트
4248,1,#카페파운드
4249,2,#caffe
4250,1,#파운드카페
4251,1,#pound
4252,1,#poundcake
4253,1,#파운드케이크맛집
4254,1,#파운드케익
4255,1,#운정카페
4256,1,#파주데이트
4257,1,#파주투어
4258,1,#파주케이크
4259,1,#레몬파운드
4260,1,#운정카페거리
4261,1,#마디스잇
4262,1,#프렌치토스트
4263,1,#딸기산도
4264,1,#잇
4265,1,#바비레드
4266,1,#바비레드스테이크
4267,1,#레드크림파스타
4268,1,#스노브
4269,2,#먹부림
4270,1,#경주팀모임
4271,1,#어메리카노
4272,1,#순두부젤라또
4273,1,#흑임자젤라또
4274,4,#녹차라떼
4275,1,#애플망고
4276,1,#앙버터크림빵
4277,1,#소세지빵
4278,1,#먹물아이스크림
4279,1,#할라피뇨빵
4280,1,#전히단길
4281,1,#이베르노
4282,1,#메론소다
4283,1,#카페이베르노
4284,1,#사장님솜씨최고
4285,1,#떡뻥거부
4286,1,#떡뻥나부랭이
4287,1,#맛있는게너무많아
4288,1,#귀신같이알고
4289,1,#치즈케이크만
4290,1,#맛집을아는
4291,1,#10개월
4292,2,#치즈케잌팩토리
4293,2,#칵테일
4294,1,#abenoharukas
4295,1,#igdaily
4296,2,#osaka
4297,1,#igjapan
4298,1,#sweettooth
4299,1,#sweetporn
4300,1,#아베노하루카스
4301,1,#팔로워환영
4302,1,#일본여자
4303,1,#일본백화점
4304,1,#fukuoka
4305,1,#fukuokacafe
4306,1,#refresh
4307,1,#인천여행
4308,1,#디오더카페
4309,1,#헤이유
4310,1,#카페헤이유
4311,1,#영등포
4312,1,#영등포맛집
4313,1,#카페미라루나
4314,1,#팬케잌맛집
4315,1,#백향과에이드
4316,1,#레몬타르트
4317,1,#친구들
4318,1,#만나서
4319,2,#좋다
4320,1,#20대
4321,1,#부시기
4322,1,#진저쿠키
4323,1,#티라미스
4324,1,#애셋맘
4325,1,#광주맘
4326,1,#엄마사람
4327,1,#아이폰11
4328,1,#다둥이
4329,1,#다둥이맘
4330,3,#후식
4331,2,#백일몽
4332,1,#백일몽카페
4333,1,#전주백일몽
4334,1,#전주나들이
4335,2,#follow4follow
4336,1,#02
4337,1,#18
4338,1,#patisserie
4339,2,#pastry
4340,1,#홍대디저트
4341,1,#미라보양과자점
4342,1,#카사타
4343,1,#헤이즐넛카푸치노
4344,1,#헤이츄
4345,1,#옐로우빔
4346,1,#파레트케이크
4347,1,#옐로우빔케이크
4348,2,#평거동케이크
4349,1,#평거동
4350,1,#평거동카페
4351,1,#진주케이크추천
4352,1,#진주케이크맛집
4353,1,#진주디저트카페
4354,1,#포토케이크
4355,1,#케이크제작
4356,1,#평거동디저트카페
4357,1,#진주케이크주문
4358,1,#진주케이크
4359,1,#평거동맛집
4360,1,#yellowbeam
4361,1,#yellowbeamcake
4362,1,#치얼업
4363,1,#cheerup
4364,1,#인후동
4365,1,#아중리카페
4366,1,#좋은하루
4367,2,#위로
4368,1,#힘내
4369,1,#전주한옥마을
4370,1,#셀프인테리어
4371,1,#치통샷
4372,1,#과일주스
4373,1,#오곡라떼
4374,1,#숏컷
4375,1,#jsy
4376,1,#스트로베리토푸
4377,1,#시토리치즈
4378,1,#오금동카페
4379,1,#먹슈기
4380,2,#치즈테린느
4381,1,#coffeeholic
4382,1,#coffeestagram
4383,1,#oreochocolate
4384,1,#happyjinday
4385,1,#오레오초콜릿
4386,1,#컵홀더
4387,1,#감기몸살
4388,1,#아파요
4389,1,#아빠생신
4390,1,#축해요
4391,1,#댓거리
4392,1,#댓거리카페
4393,1,#문화동
4394,1,#월영동
4395,2,#연유라떼
4396,1,#여유롭게
4397,2,#개꿀
4398,1,#거리에서
4399,1,#포항맛집
4400,1,#송년회
4401,1,#에그타르트맛집
4402,1,#브레드
4403,1,#포인트
4404,1,#경북카페
4405,1,#사진맛집
4406,1,#뷰카페
4407,1,#삼정해수욕장
4408,1,#30
4409,1,#미리생파
4410,1,#취저
4411,1,#오지상치즈케이크
4412,1,#크리스마스리스만들기
4413,1,#짐빔
4414,1,#짐빔하이볼
4415,1,#5개월아기
4416,1,#귀여운아기
4417,1,#내년엔같이트리만들자
4418,1,#남편최고
4419,2,#세종시쌀베이킹
4420,2,#세종시베이킹
4421,2,#대전쌀베이킹
4422,2,#청주베이킹
4423,2,#천안쌀베이킹
4424,2,#논산쌀베이킹
4425,2,#오송쌀베이킹
4426,2,#오창쌀베이킹
4427,2,#크리스마스클래스
4428,2,#세종시원데이클래스
4429,2,#라이스디저트
4430,2,#카페메뉴
4431,3,#쌀디저트
4432,2,#세종맘
4433,2,#힐링클래스
4434,1,#오레몽치즈케이크
4435,1,#하남
4436,1,#에쁜카페
4437,1,#with
4438,1,#귀여운
4439,1,#곰돌이
4440,1,#핑크
4441,1,#갸우뚱곰돌이
4442,1,#내가
4443,1,#안찍은
4444,1,#하남카페
4445,1,#레인보우케이크
4446,1,#바나나쉐이크
4447,1,#연애스타그램
4448,1,#서울크리스마스페스티벌
4449,1,#청계천크리스마스축제
4450,1,#BTS
4451,1,#태형
4452,1,#뷔
4453,1,#태형생일
4454,1,#태형생일이벤트
4455,1,#다들고마워
4456,1,#BT21
4457,1,#타타
4458,1,#바닐라크렘브륄레
4459,1,#군위카페
4460,1,#군위여행
4461,1,#군위
4462,1,#군위카페스톤
4463,1,#카페스톤
4464,1,#스톤카페
4465,1,#유자에이드
4466,1,#당일치기여행
4467,1,#경북여행
4468,1,#학교
4469,1,#빨강
4470,1,#그린티
4471,1,#버블티
4472,2,#꿀맛
4473,1,#유치원
4474,1,#춥디요
4475,1,#커플목도리
4476,1,#nottoday
4477,1,#yesterday
4478,1,#ikovoxcoffee
4479,1,#이코복스
4480,1,#이코복스커피
4481,1,#퇴근후힐링
4482,1,#퇴근후일상
4483,1,#눈
4484,1,#할머니생신
4485,1,#1221
4486,1,#식당
4487,1,#사촌동생
4488,1,#사촌언니
4489,1,#사촌오빠
4490,1,#spao
4491,1,#슬리퍼
4492,1,#제과실습
4493,1,#별립법
4494,1,#수플레
4495,1,#부풀리다
4496,1,#뽀로로치즈케이크생각나는
4497,1,#그냥먹어도맛있다그램
4498,1,#배고프다
4499,2,#도쿄여행
4500,2,#tokyo
4501,1,#tokyostation
4502,1,#tokyostationcafe
4503,1,#도쿄맛집추천
4504,1,#도쿄역맛집
4505,1,#도쿄역
4506,1,#도쿄역카페
4507,1,#신주쿠
4508,1,#오브마이버터
4509,1,#라즈베리레인보우라떼
4510,1,#초코레인보우라떼
4511,1,#블루베리머핀
4512,1,#필라테스
4513,1,#ruver
4514,2,#strawberrylatte
4515,2,#카페순례
4516,2,#혼자여행
4517,2,#서면맛집
4518,2,#nikond5600
4519,1,#20191211점심
4520,1,#망원동
4521,1,#투떰즈업
4522,1,#치카치카모스
4523,1,#망원
4524,1,#망원동맛집
4525,1,#망원동빵집
4526,1,#망원시장
4527,1,#망원시장맛집
4528,1,#치즈케이크맘모스
4529,1,#치카치카맘모스
4530,1,#맘모스
4531,1,#맘모스빵
4532,1,#맘모스맛집
4533,1,#캬라멜
4534,1,#아몬드
4535,1,#단짠단짠
4536,1,#수하담
4537,1,#수하담판교
4538,1,#판교카페
4539,1,#판교브런치
4540,1,#판교브런치카페
4541,1,#판교베이커리카페
4542,1,#판교핫플레이스
4543,1,#판교루프탑
4544,1,#specialtycoffee
4545,1,#꽃스타그램
4546,1,#timefortea
4547,2,#hotchocolate
4548,1,#브라운핸즈
4549,1,#공장카페
4550,1,#생쵸코라떼
4551,1,#카패
4552,1,#인스타데일리
4553,1,#대일리
4554,3,#instalike
4555,1,#행궁동
4556,1,#소품샵
4557,1,#토이샵
4558,1,#히얼유아
4559,1,#매트그린
4560,1,#신남
4561,1,#점심메뉴
4562,1,#고기
4563,1,#소갈비살
4564,1,#말차슈페너
4565,1,#ㅋㅋㅋㅋㅋ
4566,1,#팬미팅
4567,1,#말차마카다미아
4568,1,#더블초콜릿
4569,1,#피넛버터
4570,1,#클래식
4571,1,#쿠앤크
4572,1,#마곡맛집
4573,1,#eert
4574,1,#이이알티
4575,1,#3단디저트
4576,1,#발산역맛집
4577,2,#desert
4578,1,#다방
4579,1,#세종카페
4580,1,#종강
4581,1,#candlecake
4582,1,#pariya
4583,1,#strawberryshortcake
4584,1,#sweets
4585,1,#instcafe
4586,1,#좋아요꾹
4587,1,#차은우
4588,1,#차
4589,1,#exodoll
4590,1,#baekhyundoll
4591,1,#taipeifood
4592,1,#taiwanfood
4593,1,#delicious
4594,1,#foodpicture
4595,1,#주재커피
4596,1,#시나몬치노
4597,1,#신상케이크
4598,1,#먹어보고인싸되기
4599,1,#투썸동아대
4600,1,#동아대점
4601,1,#투썸조각케이크
4602,1,#노르웨이의숲
4603,1,#모어댄쿠키앤크림
4604,1,#헤이즐넛마스카포네치즈케이크
4605,1,#투썸플레이스동아대
4606,1,#동아대카페
4607,1,#사하구카페
4608,1,#도시가고파서
4609,1,#사람이고파서
4610,1,#북적북적
4611,1,#사람구경
4612,1,#미키마우스
4613,1,#미니마우스
4614,1,#스누피
4615,1,#파티룸
4616,1,#성수카페
4617,1,#유얼네임히얼
4618,1,#친구공연
4619,1,#역삼동
4620,1,#역삼카페
4621,2,#뱅쇼
4622,1,#파스쿠찌역삼
4623,1,#참치
4624,1,#친구들과
4625,1,#주말풍경
4626,1,#pascucci
4627,1,#Vinchaud
4628,2,#코튼치즈케이크
4629,2,#카페다붓
4630,2,#다붓
4631,2,#블루베리
4632,1,#쌀다쿠아즈
4633,1,#미세스송
4634,1,#이영마켓
4635,1,#딸기우유
4636,1,#송성봉커피
4637,1,#스테이모어
4638,1,#staymore
4639,1,#뱅쇼치즈케익
4640,1,#헤이리마을
4641,1,#프로방스
4642,1,#나인블럭카페
4643,1,#평화로운주말
4644,1,#퇴근이다
4645,1,#그린티라떼
4646,1,#후케이크
4647,1,#달달해
4648,1,#koreanfood
4649,1,#instapic
4650,2,#맷차
4651,1,#서대문
4652,1,#연희동
4653,1,#연희동카페
4654,2,#녹차
4655,1,#녹덕
4656,1,#metcha
4657,1,#likelike
4658,1,#following
4659,1,#flower
4660,1,#gravity
4661,1,#그래비티
4662,1,#히말라야커피
4663,1,#나인유
4664,2,#일출
4665,1,#안개
4666,1,#스트라호프수도원
4667,1,#마그넷
4668,1,#초코카페
4669,1,#화이트초콜릿
4670,1,#늘in유럽
4671,1,#늘이의여행일기
4672,1,#어페어커피
4673,1,#어페어
4674,1,#affaircoffee
4675,1,#afcf
4676,1,#뚝도시장맛집
4677,1,#성수동핫플레이스
4678,1,#성수동맛집
4679,1,#가오픈카페투어
4680,1,#가오픈맛집
4681,1,#성수동가오픈
4682,1,#coffeeoftheday
4683,1,#redvelvet
4684,1,#madeleine
4685,1,#베리더블레어치즈케이크
4686,1,#빵수지
4687,1,#군것질그램
4688,2,#동명동
4689,2,#동명동카페
4690,1,#동명동디저트
4691,1,#꾸브
4692,1,#kkuv
4693,1,#꾸브베이크샵
4694,1,#마산빵집
4695,1,#장군동빵집
4696,1,#협재칼국수
4697,1,#해물칼국수
4698,1,#보말칼국수
4699,1,#한치물회
4700,1,#금능반지하
4701,1,#파라토도스
4702,1,#솔티카라멜라떼
4703,2,#상아의
4704,1,#우정여행
4705,1,#신중동역카페
4706,1,#신중동역
4707,1,#소소취향카페
4708,1,#amaturephotographer
4709,1,#olympusmarkii
4710,1,#olympusomdem10markii
4711,1,#olympuscamera
4712,1,#bucheon
4713,1,#shinjungdongstation
4714,2,#southkorea
4715,1,#cocoa
4716,1,#유기농코코아
4717,1,#퓨어프라나
4718,1,#선팔환영
4719,1,#다렉환영
4720,1,#dm
4721,1,#유월의서
4722,1,#피드
4723,1,#니가원하는열쇠고리
4724,1,#브롤스타즈열쇠고리
4725,1,#고리는안뺌
4726,1,#쁘띠마레일상
4727,1,#매주금요일은쉬는날입니다
4728,1,#유자얼그레이파운드
4729,1,#단호박파운드
4730,1,#옥수수빵
4731,1,#수제티라미수
4732,1,#파베브라우니
4733,1,#woodcraft
4734,1,#cuttingboard
4735,1,#woodslab
4736,1,#까페목
4737,1,#카페목
4738,1,#청주카페추천
4739,1,#우드슬랩카페
4740,1,#cafemok
4741,1,#양촌리
4742,1,#청주신상카페
4743,1,#청주외곽카페
4744,1,#청주맛집
4745,1,#수제치즈케이크
4746,1,#호우지차라떼
4747,1,#경우
4748,1,#heaundae
4749,1,#부산양옥
4750,1,#물갈비
4751,1,#새우말이대패
4752,1,#볶음밥
4753,1,#소맥한잔
4754,1,#boost
4755,1,#부스트
4756,1,#beer
4757,1,#소주
4758,1,#soju
4759,1,#alcohol
4760,1,#떡구름
4761,1,#금정구맛집
4762,1,#금정구카페
4763,1,#구서동카페
4764,1,#남산동카페
4765,1,#이건디
4766,1,#ricecloud
4767,1,#컨버세이션카페
4768,1,#컨버세이션케이크
4769,1,#ConversationCafe
4770,1,#러시아케이크
4771,1,#RussianCake
4772,1,#BakedCheeseCake
4773,1,#한조각11800원
4774,1,#생각보다큼직함
4775,1,#가성비는그닥
4776,1,#맛은괜찮은편
4777,1,#생긴게예쁨
4778,1,#인스타용카페
4779,1,#아메리카노5500원
4780,1,#popdaily
4781,1,#sapporo
4782,1,#sweetooth
4783,1,#afternoontea
4784,1,#cakeporn
4785,1,#hokkaido
4786,1,#2eat2gether
4787,1,#japanfood
4788,1,#japantravel
4789,1,#미친부엌
4790,1,#굴튀김
4791,1,#크림짬뽕
4792,1,#리듬앤브루스
4793,1,#me
4794,1,#sundaymood
4795,1,#einsp
4796,1,#cakes
4797,3,#일본인
4798,2,#97년생
4799,2,#댓글
4800,2,#친구해요
4801,1,#카페마실
4802,1,#단골카페
4803,1,#cafehopper
4804,1,#핫쵸코
4805,1,#20191216
4806,1,#12월14
4807,1,#여행기
4808,1,#여행스타스램
4809,1,#한국스타그램
4810,1,#서울스타그램
4811,1,#한국카페
4812,1,#서대문카페
4813,1,#STUDIOWUP
4814,1,#냠냠스타그램
4815,1,#91년생
4816,1,#한일
4817,1,#한국어공부중
4818,1,#homecleaningday
4819,2,#homemade
4820,1,#break
4821,1,#sweethome
4822,1,#커프
4823,1,#신혼집
4824,1,#oneandonlycoffee
4825,1,#이대카페
4826,1,#맛있오
4827,1,#평일데이트
4828,1,#챔프커피
4829,1,#사랑해내가족
4830,1,#홈스윗홈
4831,1,#청년다방
4832,1,#차돌떡볶이세트
4833,1,#버터갈릭감자튀김
4834,1,#평리단길
4835,1,#론트로스터스클럽
4836,1,#론트커피
4837,1,#tiramisu
4838,1,#티라미수케이크
4839,1,#icetea
4840,1,#마틴커피로스터스
4841,1,#블루마틴
4842,1,#블랙마틴
4843,1,#후라이치즈케이크
4844,1,#넘나부드럽
4845,1,#카림2차
4846,1,#에그부띠끄
4847,1,#아이폰11프로맥스
4848,1,#구월동까페
4849,1,#휘게
4850,1,#키이로
4851,1,#을지로카페
4852,2,#힙지로
4853,1,#대구맘
4854,1,#텍폴맘
4855,1,#초딩맘스타그램
4856,1,#육아맘스타그램
4857,1,#소통그램
4858,1,#전야제
4859,2,#다쿠미
4860,1,#제리치즈
4861,1,#다쿠아즈맛집
4862,1,#477일아기
4863,1,#생후477일
4864,1,#울엄마생신
4865,1,#승현외할미생신
4866,1,#한승현스타그램
4867,1,#촛불끄자
4868,1,#엔제리너스
4869,1,#대천
4870,1,#나홀로여행
4871,1,#동영카페
4872,1,#오늘의커피
4873,1,#갤럭시노트10플러스
4874,1,#인스타보정
4875,1,#todaycoffee
4876,1,#합정
4877,1,#케이트앤케이크
4878,1,#합정역
4879,1,#프레지에
4880,1,#마카다미아
4881,1,#쿠크크
4882,1,#합정맛집
4883,1,#에이와이커피
4884,1,#인싸
4885,1,#thesunliveshere
4886,1,#setagaya
4887,1,#cafehopping
4888,2,#강추
4889,1,#도쿄
4890,1,#여니푸드
4891,1,#커피템플
4892,1,#제주시카페
4893,1,#제주도민카페
4894,1,#제주로컬카페
4895,1,#제주농원카페
4896,1,#제주농장카페
4897,1,#제주느낌카페
4898,1,#제주분위기카페
4899,1,#제주드립카페
4900,1,#제주커피
4901,1,#제주치즈케이크
4902,1,#영평동
4903,1,#handdrip
4904,1,#진주시내카페
4905,1,#진주이너스
4906,2,#친스타그램
4907,1,#딸기에이드
4908,1,#글루텐프리카페
4909,1,#뽕끌랑
4910,1,#크림치즈쿠키
4911,1,#카스텔라
4912,2,#치즈쿠키
4913,1,#쌀100프로
4914,1,#크랜베리쿠키
4915,1,#쌀브라우니
4916,1,#togo
4917,1,#glutenfree
4918,1,#strawberrycreamcake
4919,1,#cranberrycookies
4920,1,#cheesecookies
4921,1,#ricebrownie
4922,1,#ricecastella
4923,1,#저기치즈케쿠넘나내스탈
4924,1,#파인힐커피하우스
4925,1,#군인
4926,1,#오늘잠다잤어
4927,1,#커피두잔째
4928,1,#탐네커피
4929,1,#커피맛있어서행복
4930,1,#프랑스인
4931,1,#사진그램
4932,1,#행복하자
4933,1,#한국생활
4934,2,#friends
4935,1,#iseoulu
4936,1,#french
4937,1,#seoulcafe
4938,1,#expatlife
4939,1,#블랙포레스트
4940,1,#딸기생크림cake
4941,1,#blackforest
4942,1,#strawberrycake
4943,1,#4호케잌
4944,1,#대형케잌
4945,1,#커스텀케잌
4946,1,#turbinado
4947,1,#영대병원맛집
4948,1,#앞산맛집
4949,1,#이즈니버터
4950,1,#코코넛
4951,1,#메론쇼트케이크
4952,1,#여름케잌
4953,1,#대박나버림
4954,1,#손이역시
4955,1,#제일많이가는게
4956,1,#인기구만
4957,1,#속초
4958,1,#영금정등대게찜
4959,1,#붉은대게
4960,1,#홍게
4961,1,#홍게라면
4962,1,#술이술술
4963,1,#코난포차
4964,1,#조개탕
4965,1,#소주와락
4966,1,#파리바게트
4967,1,#소맥
4968,1,#항아리물회
4969,1,#모듬물회
4970,1,#모듬회덮밥
4971,1,#해장
4972,1,#추필여국시
4973,1,#미리해장
4974,1,#다맛있었지
4975,1,#커플여행
4976,1,#먹는게남는거
4977,1,#여자친구
4978,2,#남자친구
4979,1,#아이
4980,1,#부모님
4981,1,#12월커플패키지
4982,1,#크리스마스크루즈
4983,1,#해돋이
4984,1,#한강
4985,1,#유람선
4986,1,#크루즈
4987,1,#이랜드크루즈
4988,1,#한강데이트
4989,1,#cafederome
4990,1,#카페드롬
4991,1,#코코넛사이공
4992,1,#자스민애플티
4993,1,#모델
4994,1,#오늘의코디
4995,1,#페친
4996,2,#97
4997,1,#잔머리
4998,1,#고민의흔적
4999,1,#카페뽀르뚜까
5000,1,#튤립
5001,1,#coffeefactory
5002,1,#부평
5003,1,#부평역
5004,1,#밥
5005,1,#크레이프
5006,1,#엽떡
5007,1,#유가네
5008,1,#닭갈비
5009,1,#배고파
5010,1,#xr
5011,1,#06
5012,1,#tasty
5013,1,#집
5014,1,#빵수니
5015,1,#살려
5016,1,#행복했으면됐어
5017,1,#존맛을
5018,1,#베키아에누보치즈케이크
5019,1,#스페니쉬라떼
5020,1,#이흥용베이커리
5021,1,#폴바셋아이스크림라떼
5022,1,#대잔치
5023,1,#그만훼
5024,1,#freshcreamcake
5025,1,#샤이닝레드
5026,1,#베리케이크
5027,1,#berrycake
5028,1,#뚜레쥬르케이크
5029,1,#뚜레뚜레
5030,1,#큰사랑감사합니다
5031,1,#재고없이마무리합니다
5032,1,#독립기념관빵집
5033,1,#신계리빵집
5034,1,#bakerycafe
5035,1,#touslesjours
5036,1,#ohau
5037,1,#waikikibeach
5038,1,#우리가
5039,1,#천일이라니
5040,1,#뽀르뚜까
5041,1,#가락시장
5042,1,#쌜모네키친
5043,1,#오로라생연어
5044,2,#연어
5045,2,#까르보나라
5046,1,#힐링힐스
5047,1,#힐링힐스카페
5048,1,#베트남연유라떼
5049,1,#졸리다
5050,1,#지쳤다
5051,1,#모임
5052,1,#삼성역맛집
5053,1,#피양콩할머니
5054,1,#모듬전
5055,1,#들깨수제비
5056,1,#드가to가우디
5057,1,#알폰스무하
5058,1,#알폰스무하전
5059,1,#파스텔
5060,1,#전시회
5061,1,#돼지바라떼
5062,1,#고창카페
5063,1,#투썸
5064,1,#고창
5065,1,#follow4like
5066,1,#8등신
5067,1,#토이스토리
5068,1,#장난감
5069,1,#옷장문을열면
5070,1,#두둥
5071,1,#곧
5072,1,#24
5073,1,#poland
5074,1,#폴란드
5075,1,#polandtrip
5076,1,#폴란드여행
5077,1,#wroc
5078,1,#브로츠와프
5079,1,#vinylcafe
5080,1,#gojitea
5081,1,#polska
5082,1,#해피뉴이어
5083,1,#너무귀여워
5084,1,#백수둘이서
5085,1,#수다삼매경
5086,1,#백수스타그램
5087,1,#Bonjour
5088,1,#Hello
5089,1,#Buongiorno
5090,1,#GutenTag
5091,1,#Hola
5092,1,#Merhaba
5093,1,#광진구
5094,1,#화양동
5095,1,#자양동
5096,2,#건국대학교
5097,1,#대학생
5098,1,#하비카페
5099,1,#친스타
5100,1,#매니저
5101,1,#시험
5102,1,#가나초콜릿
5103,2,#감사
5104,1,#연낭동핫플
5105,1,#연남동케이크
5106,1,#미리메리크리스마스
5107,1,#체리케이크
5108,1,#강화
5109,1,#따혜정훈
5110,1,#자몽스무디
5111,1,#족욕카페
5112,1,#카페치이즈
5113,1,#군산
5114,1,#수송동
5115,1,#수송동카페
5116,1,#블루베리스무디
5117,1,#토피넛라떼
5118,1,#유에서유
5119,1,#을지로유에서유
5120,1,#힙지로맛집
5121,1,#을지로3가맛집
5122,1,#을지로맛집
5123,1,#데이트맛집
5124,1,#소개팅장소
5125,2,#분위기깡패
5126,1,#러스트베이커리
5127,1,#문래동카페
5128,1,#문래창작촌
5129,1,#문래창작촌카페
5130,1,#기장
5131,1,#헤이든
5132,1,#날씨가흐림
5133,1,#그래도좋아
5134,1,#봉포드
5135,1,#x100f
5136,2,#einspanner
5137,1,#sokcho
5138,1,#생딸기크림치즈베이글
5139,1,#바닐라크림라떼
5140,1,#남친케이크
5141,1,#친구들케이크
5142,1,#커플아이템
5143,1,#디자인케이크
5144,1,#울산케익
5145,1,#아이스박스케이크
5146,1,#먹스타소통
5147,1,#ginzacafe
5148,1,#tokyotrip
5149,1,#interiordesign
5150,1,#긴자카페
5151,1,#천호맛집
5152,1,#345
5153,1,#티에드
5154,1,#삽겹살
5155,1,#올블랙
5156,1,#커플룩
5157,1,#인스타갬성
5158,1,#존잘
5159,1,#루프탑카페
5160,1,#더루프
5161,1,#자바칩프라페
5162,1,#행복행복
5163,1,#입털기
5164,1,#슴살까지
5165,1,#10일
5166,1,#2020년
5167,1,#어서와
5168,1,#반사
5169,1,#찰칵
5170,1,#양천구
5171,1,#신월동카페
5172,1,#신월동브런치카페
5173,1,#신정네거리카페
5174,1,#신정네거리브런치
5175,1,#신월동73
5176,1,#샌드위치
5177,1,#샌드위치세트
5178,1,#언제나가능
5179,1,#저녁엔맥주
5180,1,#혼맥가능
5181,1,#조용하게맥주한잔
5182,1,#나쵸
5183,1,#소세지
5184,1,#매주월요일휴무
5185,1,#크렘브
5186,1,#cremeb
5187,1,#안국
5188,1,#안국카페
5189,1,#북촌카페
5190,1,#돌아와줘서고마워
5191,3,#편의점신상
5192,1,#은행동
5193,1,#은행동카페
5194,1,#으능정이
5195,1,#충대
5196,1,#한밭대
5197,1,#한남대
5198,2,#편의점
5199,1,#세븐일레븐
5200,1,#토퍼
5201,1,#하트머랭쿠키
5202,1,#okinawa
5203,1,#오키나와
5204,1,#오키나와카페
5205,1,#cabbagelodge
5206,1,#아이스커피
5207,1,#신행
5208,1,#햄버거도
5209,1,#울프강
5210,1,#무스비
5211,1,#갈릭새우
5212,1,#헤븐리
5213,1,#야드하우스
5214,1,#파인애플
5215,1,#루쏘
5216,1,#내일
5217,1,#터졌다
5218,1,#쿠오레
5219,1,#클래식라자냐
5220,1,#라자냐
5221,1,#언박싱
5222,1,#택배왔습니다
5223,1,#박스안에쏙들어가는사이즈
5224,1,#윤가네아들
5225,1,#낼도빡신하루시작예정
5226,1,#20191223
5227,1,#임산부는
5228,1,#건전하게놀기
5229,1,#최애케이크
5230,1,#피자는역시
5231,1,#알보로피자
5232,1,#L사이즈
5233,1,#둘이서순삭
5234,1,#영화는역시
5235,1,#언제봐도재밌다
5236,1,#함께하자
5237,1,#껌딱지
5238,1,#인트라던
5239,1,#intradorn
5240,1,#keongsaikbakery
5241,1,#attapcheesecake
5242,1,#desserttime
5243,1,#moodsnaps
5244,1,#살살녹는다
5245,1,#이천카페
5246,1,#이쁜곳
5247,1,#이천맛집
5248,1,#딸기푸딩
5249,1,#우유푸딩
5250,1,#시스메모리
5251,1,#lnstagram
5252,1,#lnstagood
5253,1,#catstagram
5254,1,#99년생
5255,1,#카페쥬아쥬
5256,1,#목동카페
5257,2,#정말
5258,1,#찐한
5259,1,#찐
5260,1,#쌀베이킹
5261,1,#juniorscheesecake
5262,1,#플러싱
5263,1,#플러싱맛집
5264,1,#present
5265,1,#giftideas
5266,1,#flushing
5267,1,#ny
5268,1,#nyc
5269,1,#부천디저트카페
5270,1,#부천분위기좋은카페
5271,1,#부천파스타
5272,1,#시월
5273,1,#블랙소울
5274,1,#아프지말자
5275,1,#프라우드바디
5276,1,#회원님선물
5277,1,#광흥창필라테스
5278,1,#마포필라테스
5279,1,#마포자이로토닉
5280,1,#귀산카페
5281,1,#거울카페
5282,1,#어두운카페
5283,1,#페스츄리
5284,1,#슈크림케이크
5285,1,#아이스초코라떼
5286,1,#쵸코쵸코
5287,1,#달다달어
5288,1,#엘리브
5289,1,#카페솔
5290,1,#하우요커피
5291,1,#주차자리
5292,1,#아쉽지만
5293,1,#신상핫플은평일에
5294,1,#화이트초코
5295,1,#뚜레쥬르
5296,1,#작년에는
5297,1,#산타옷
5298,1,#못입었네
5299,1,#내년에입자
5300,1,#추억
5301,1,#작년사진
5302,1,#투척
5303,1,#생후433일
5304,1,#커피도맛있고
5305,1,#분위기도좋고
5306,1,#애델꼬온건우리뿐
5307,1,#모어때ㅋㅋ
5308,1,#베르다드
5309,1,#베르다드카페
5310,1,#짱귀
5311,1,#산호동카페
5312,1,#산호동
5313,1,#벤쿠버식구들
5314,1,#191214
5315,1,#생활의달인
5316,1,#밥블레스유
5317,1,#역삼맛집
5318,1,#대낚식당
5319,1,#곱도리탕
5320,1,#호르몬동
5321,1,#신사
5322,1,#신사역
5323,1,#쌀국수맛집
5324,1,#Lapho
5325,1,#라포
5326,1,#당케
5327,1,#홍케
5328,1,#여기저기
5329,1,#웨이팅천국
5330,1,#전주맛집
5331,1,#객리단길맛집
5332,1,#그랜드호텔
5333,1,#kov
5334,1,#한국와인기사단
5335,1,#승급
5336,1,#단호박스프
5337,1,#계란후라이
5338,1,#처럼나옴
5339,1,#계란말이
5340,1,#아니고
5341,1,#와인안주
5342,1,#좋은
5343,1,#경험
5344,1,#언제
5345,1,#다시
5346,1,#이런날이또올까
5347,1,#카페피어라
5348,1,#피어라
5349,1,#피어라카페
5350,1,#당진피어라
5351,1,#당진맛집
5352,1,#당진데이크
5353,1,#당진케이크
5354,1,#당진핫플
5355,1,#숲속카페
5356,1,#인생카페
5357,1,#맛집투어
5358,1,#서산카페
5359,1,#예산카페
5360,2,#아산카페
5361,1,#cafepiora
5362,1,#대흥역카페
5363,1,#신수동카페
5364,1,#ruarcoffeebar
5365,1,#strawberrycheesecake
5366,1,#새
5367,1,#운동화
5368,1,#저녁메뉴
5369,1,#감자
5370,1,#맥도날드
5371,1,#코인노래방
5372,1,#가족게임
5373,1,#행복했던
5374,1,#크리스마스여행
5375,1,#강릉맛집
5376,1,#강릉짬뽕순두부
5377,1,#원조짬순
5378,1,#모두부
5379,1,#순두부백반
5380,1,#생각나는맛
5381,1,#또가자
5382,1,#보사노바
5383,1,#말차티라미수
5384,1,#반려동물동반
5385,1,#춘천맛집
5386,1,#닭갈비맛집
5387,1,#숯불닭갈비
5388,1,#토담숯불닭갈비
5389,1,#삼색닭갈비
5390,1,#소금닭갈비
5391,1,#간장닭갈비
5392,1,#고추장닭갈비
5393,1,#막국수
5394,1,#된장찌개
5395,1,#파미르
5396,1,#화이팅
5397,1,#황리단길카페
5398,1,#이름
5399,2,#22
5400,1,#달콤커피동대입구점
5401,1,#족발골목
5402,1,#근처라서
5403,1,#상큼하게
5404,1,#한잔먹기완전좋앙
5405,1,#럼주
5406,1,#brugal
5407,1,#중국당면
5408,1,#닭가슴살
5409,1,#계란추가
5410,1,#송주불냉면매운양념
5411,1,#김치
5412,1,#팔도비빔장
5413,1,#존맛탱ㅠ
5414,1,#자취음식
5415,1,#나를위한시간
5416,1,#나를위한만찬
5417,1,#holidayseason
5418,1,#gife
5419,1,#christmasgifts
5420,1,#happyholidays2019
5421,1,#fancy
5422,1,#달콤한
5423,1,#겨울방학
5424,1,#긍정
5425,1,#글
5426,1,#마음
5427,1,#크림뷜레치즈케이크
5428,1,#톡톡두드려서
5429,1,#먹는즐거움
5430,1,#꾸덕한
5431,1,#방이동카페
5432,1,#카페나시타
5433,1,#마곡동굴
5434,1,#마곡술집
5435,1,#이디야중동역점
5436,2,#이디야
5437,1,#다음은스틱케이크
5438,1,#픽
5439,1,#ediyacoffee
5440,1,#대화동카페
5441,1,#카페책빵
5442,1,#스노우볼쿠키
5443,1,#한동안
5444,1,#맛을
5445,1,#잊고있었어
5446,1,#단호박케이크는
5447,1,#먹어봐야해
5448,1,#넘나맛있다
5449,2,#ellen
5450,1,#teavana
5451,1,#rumraisin
5452,1,#티바나
5453,1,#럼레이즌
5454,1,#뚭딘
5455,1,#소복상회
5456,1,#눈사람케이크
5457,1,#겨울왕국
5458,1,#대구주문케이크
5459,1,#대봉동디저트
5460,1,#치즈케이크전문점
5461,1,#티라미수전문점
5462,1,#대구티라미수
5463,1,#유부초밥들
5464,1,#메트로놈커피
5465,1,#나베식당
5466,1,#랜드마크9
5467,1,#영화데이트
5468,1,#영화시동
5469,1,#꿀잼
5470,1,#마요미
5471,1,#그와중에
5472,1,#치즈케이크실망
5473,1,#동명동핫플
5474,1,#동명동카페추천
5475,1,#맷차광주
5476,1,#녹차타르트
5477,1,#광주녹차
5478,1,#광주카페추천
5479,1,#말차밀크
5480,1,#feelinggood
5481,1,#haveaniceday
5482,1,#디너파티
5483,1,#TGIF
5484,1,#패스트리부티크
5485,3,#녹차쵸콜릿케이크
5486,1,#샤도네이
5487,1,#카바
5488,1,#패스트리부티크케이크
5489,1,#맛있는순위
5490,1,#망고쇼트케이크
5491,1,#넘사벽
5492,1,#녹차쉬폰
5493,2,#바닐라밀푀유
5494,1,#프로마주블랑케이크
5495,1,#복숭아홍차케이크
5496,1,#터치오브러브
5497,1,#스노위라즈베리
5498,1,#쵸코딸기케이크
5499,2,#피칸바나나케이크
5500,1,#망고쇼트
5501,1,#녹차쉬폰케이크
5502,1,#생크림
5503,1,#프로마주블랑
5504,1,#복숭아홍차
5505,1,#쵸코딸기
5506,1,#스노위포레스트
5507,1,#터치오브로즈
5508,1,#마늘빵
5509,1,#카페오월일일
5510,1,#오월일일
5511,1,#망원데이트
5512,1,#yellowcheesecake
5513,1,#치즈맛
5514,1,#치즈디저트
5515,1,#간식스타그램
5516,1,#노오란치즈케익
5517,1,#씨유
5518,1,#씨유신상
5519,1,#집사의일상
5520,1,#집사의하루
5521,1,#집사맞팔
5522,1,#칼호텔
5523,1,#릴트
5524,1,#lilt
5525,1,#애견동반카페
5526,1,#샤로수길강아지동반
5527,1,#하루B
5528,1,#테린느
5529,1,#테린느만들기
5530,1,#테린느클래스
5531,1,#디저트만들기
5532,1,#대구베이킹
5533,1,#대구베이킹클래스
5534,1,#달서구
5535,1,#달성군
5536,1,#북구
5537,1,#대구수제쿠키
5538,1,#대구맛집추천
5539,1,#웨돔
5540,1,#우유빙수
5541,2,#조각케익
5542,1,#을지로
5543,1,#카페잔
5544,1,#레드베리티
5545,1,#쿠키치즈케이크
5546,1,#수제조각케익
5547,1,#아산케이크주문
5548,1,#천안케이크주문
5549,1,#천안카페
5550,1,#아산카페추천
5551,1,#천안카페추천
5552,1,#상현동
5553,1,#롱드메이
5554,1,#블루베리치즈케이크마카롱
5555,2,#유나
5556,1,#수지맛집
5557,1,#상현동맛집
5558,1,#뚱카롱맛집
5559,1,#마카롱투어
5560,1,#꼬끄
5561,1,#쫀득쫀득
5562,1,#blueberry
5563,1,#분당맛집
5564,1,#궁내동맛집
5565,1,#chezmaman
5566,1,#쉐마망
5567,1,#vienna
5568,1,#minttea
5569,1,#분당카페
5570,1,#궁내동카페
5571,1,#쉐마망베이커리
5572,1,#비엔나
5573,1,#먹방맞팔
5574,1,#먹방인스타그램
5575,1,#먹방인스타
5576,1,#푸디코리아
5577,1,#크리스마스정상영업
5578,1,#은계지구
5579,1,#허니콤보
5580,1,#신전
5581,1,#오돌뼈
5582,1,#새해파티
5583,1,#수면잠옷
5584,1,#돼지파티
5585,1,#308
